"Enrichment","Region","Position","FileName"
0.306225155969755,"ACC",1,"/data/rusers/sheddn/LDR/Fullard_Roussos_29945882/29945882_ACC_NeuN+_19y_351.r0.pval0.01.300K.bfilt.narrowPeak.gzL2_0"
-0.205909085519874,"ACC",2,"/data/rusers/sheddn/LDR/Fullard_Roussos_29945882/29945882_ACC_NeuN-_19y_351.r0.pval0.01.300K.bfilt.narrowPeak.gzL2_0"
1.92040187153464,"ACC",3,"/data/rusers/sheddn/LDR/Fullard_Roussos_29945882/29945882_ACC_NeuN+_20y_437.r0.pval0.01.300K.bfilt.narrowPeak.gzL2_0"
1.60215646971323,"ACC",4,"/data/rusers/sheddn/LDR/Fullard_Roussos_29945882/29945882_ACC_NeuN-_20y_437.r0.pval0.01.300K.bfilt.narrowPeak.gzL2_0"
-0.0495452525492298,"ACC",5,"/data/rusers/sheddn/LDR/Fullard_Roussos_29945882/29945882_ACC_NeuN+_22y_372.r0.pval0.01.300K.bfilt.narrowPeak.gzL2_0"
1.2312414906463,"ACC",6,"/data/rusers/sheddn/LDR/Fullard_Roussos_29945882/29945882_ACC_NeuN-_22y_372.r0.pval0.01.300K.bfilt.narrowPeak.gzL2_0"
5.62047228048272,"ACC",7,"/data/rusers/sheddn/LDR/Fullard_Roussos_29945882/29945882_ACC_NeuN+_22y_446.r0.pval0.01.300K.bfilt.narrowPeak.gzL2_0"
-3.8484645345693,"ACC",8,"/data/rusers/sheddn/LDR/Fullard_Roussos_29945882/29945882_ACC_NeuN-_22y_446.r0.pval0.01.300K.bfilt.narrowPeak.gzL2_0"
-3.04377245304191,"ACC",9,"/data/rusers/sheddn/LDR/Fullard_Roussos_29945882/29945882_ACC_NeuN+_28y_440.r0.pval0.01.300K.bfilt.narrowPeak.gzL2_0"
5.58200869704366,"ACC",10,"/data/rusers/sheddn/LDR/Fullard_Roussos_29945882/29945882_ACC_NeuN-_28y_440.r0.pval0.01.300K.bfilt.narrowPeak.gzL2_0"
-1.91064409263676,"BAMG",11,"/data/rusers/sheddn/LDR/Fullard_Roussos_29945882/29945882_BAMG_NeuN-_22y_372.r0.pval0.01.300K.bfilt.narrowPeak.gzL2_0"
1.92797736087043,"BAMG",12,"/data/rusers/sheddn/LDR/Fullard_Roussos_29945882/29945882_BAMG_NeuN+_22y_446.r0.pval0.01.300K.bfilt.narrowPeak.gzL2_0"
1.14033699820482,"BAMG",13,"/data/rusers/sheddn/LDR/Fullard_Roussos_29945882/29945882_BAMG_NeuN-_22y_446.r0.pval0.01.300K.bfilt.narrowPeak.gzL2_0"
1.67225749250227,"CAU",14,"/data/rusers/sheddn/LDR/Corces_Montine_33106633/33106633_CAU_Mixed_Adult_10.rep1.pval0.01.300K.bfilt.narrowPeak.gzL2_0"
-0.60002445708708,"CAU",15,"/data/rusers/sheddn/LDR/Corces_Montine_33106633/33106633_CAU_Mixed_Adult_10.rep2.pval0.01.300K.bfilt.narrowPeak.gzL2_0"
1.55537847889145,"CAU",16,"/data/rusers/sheddn/LDR/Corces_Montine_33106633/33106633_CAU_Mixed_Adult_10.rep3.pval0.01.300K.bfilt.narrowPeak.gzL2_0"
1.15440212197015,"CAU",17,"/data/rusers/sheddn/LDR/Corces_Montine_33106633/33106633_CAU_Mixed_Adult_11.rep1.pval0.01.300K.bfilt.narrowPeak.gzL2_0"
2.05301399180414,"CAU",18,"/data/rusers/sheddn/LDR/Corces_Montine_33106633/33106633_CAU_Mixed_Adult_11.rep2.pval0.01.300K.bfilt.narrowPeak.gzL2_0"
-0.592368494282819,"CAU",19,"/data/rusers/sheddn/LDR/Corces_Montine_33106633/33106633_CAU_Mixed_Adult_12.rep1.pval0.01.300K.bfilt.narrowPeak.gzL2_0"
-0.00577495653573043,"CAU",20,"/data/rusers/sheddn/LDR/Corces_Montine_33106633/33106633_CAU_Mixed_Adult_12.rep2.pval0.01.300K.bfilt.narrowPeak.gzL2_0"
0.105997509165189,"CAU",21,"/data/rusers/sheddn/LDR/Corces_Montine_33106633/33106633_CAU_Mixed_Adult_13.rep1.pval0.01.300K.bfilt.narrowPeak.gzL2_0"
2.09575709323025,"CAU",22,"/data/rusers/sheddn/LDR/Corces_Montine_33106633/33106633_CAU_Mixed_Adult_13.rep2.pval0.01.300K.bfilt.narrowPeak.gzL2_0"
1.01819302696256,"CAU",23,"/data/rusers/sheddn/LDR/Corces_Montine_33106633/33106633_CAU_Mixed_Adult_14.rep1.pval0.01.300K.bfilt.narrowPeak.gzL2_0"
0.63836301677055,"CAU",24,"/data/rusers/sheddn/LDR/Corces_Montine_33106633/33106633_CAU_Mixed_Adult_14.rep2.pval0.01.300K.bfilt.narrowPeak.gzL2_0"
-1.0842421073553,"CAU",25,"/data/rusers/sheddn/LDR/Corces_Montine_33106633/33106633_CAU_Mixed_Adult_14.rep3.pval0.01.300K.bfilt.narrowPeak.gzL2_0"
2.70493707510014,"CAU",26,"/data/rusers/sheddn/LDR/Corces_Montine_33106633/33106633_CAU_Mixed_Adult_14.rep4.pval0.01.300K.bfilt.narrowPeak.gzL2_0"
2.08834350723648,"CAU",27,"/data/rusers/sheddn/LDR/Corces_Montine_33106633/33106633_CAU_Mixed_Adult_15.rep1.pval0.01.300K.bfilt.narrowPeak.gzL2_0"
-0.495576321584374,"CAU",28,"/data/rusers/sheddn/LDR/Corces_Montine_33106633/33106633_CAU_Mixed_Adult_15.rep2.pval0.01.300K.bfilt.narrowPeak.gzL2_0"
-1.42344814145523,"CAU",29,"/data/rusers/sheddn/LDR/Corces_Montine_33106633/33106633_CAU_Mixed_Adult_16.rep1.pval0.01.300K.bfilt.narrowPeak.gzL2_0"
-2.06131092825099,"CAU",30,"/data/rusers/sheddn/LDR/Corces_Montine_33106633/33106633_CAU_Mixed_Adult_16.rep2.pval0.01.300K.bfilt.narrowPeak.gzL2_0"
-1.01191425260694,"CAU",31,"/data/rusers/sheddn/LDR/Corces_Montine_33106633/33106633_CAU_Mixed_Adult_17.rep1.pval0.01.300K.bfilt.narrowPeak.gzL2_0"
-0.15493972244284,"CAU",32,"/data/rusers/sheddn/LDR/Corces_Montine_33106633/33106633_CAU_Mixed_Adult_17.rep2.pval0.01.300K.bfilt.narrowPeak.gzL2_0"
-2.23926440917059,"CAU",33,"/data/rusers/sheddn/LDR/Corces_Montine_33106633/33106633_CAU_Mixed_Adult_18.rep1.pval0.01.300K.bfilt.narrowPeak.gzL2_0"
0.820200955552854,"CAU",34,"/data/rusers/sheddn/LDR/Corces_Montine_33106633/33106633_CAU_Mixed_Adult_18.rep2.pval0.01.300K.bfilt.narrowPeak.gzL2_0"
-2.28229022249635,"CAU",35,"/data/rusers/sheddn/LDR/Corces_Montine_33106633/33106633_CAU_Mixed_Adult_19.rep1.pval0.01.300K.bfilt.narrowPeak.gzL2_0"
0.707616323239005,"CAU",36,"/data/rusers/sheddn/LDR/Corces_Montine_33106633/33106633_CAU_Mixed_Adult_19.rep2.pval0.01.300K.bfilt.narrowPeak.gzL2_0"
0.654703435387643,"CAU",37,"/data/rusers/sheddn/LDR/Corces_Montine_33106633/33106633_CAU_Mixed_Adult_1.rep1.pval0.01.300K.bfilt.narrowPeak.gzL2_0"
1.63177604439578,"CAU",38,"/data/rusers/sheddn/LDR/Corces_Montine_33106633/33106633_CAU_Mixed_Adult_1.rep2.pval0.01.300K.bfilt.narrowPeak.gzL2_0"
-0.509853874453964,"CAU",39,"/data/rusers/sheddn/LDR/Corces_Montine_33106633/33106633_CAU_Mixed_Adult_20.rep1.pval0.01.300K.bfilt.narrowPeak.gzL2_0"
3.57231184351935,"CAU",40,"/data/rusers/sheddn/LDR/Corces_Montine_33106633/33106633_CAU_Mixed_Adult_20.rep2.pval0.01.300K.bfilt.narrowPeak.gzL2_0"
0.602348114537249,"CAU",41,"/data/rusers/sheddn/LDR/Corces_Montine_33106633/33106633_CAU_Mixed_Adult_21.rep1.pval0.01.300K.bfilt.narrowPeak.gzL2_0"
-1.90428813379626,"CAU",42,"/data/rusers/sheddn/LDR/Corces_Montine_33106633/33106633_CAU_Mixed_Adult_22.rep1.pval0.01.300K.bfilt.narrowPeak.gzL2_0"
1.26229860028623,"CAU",43,"/data/rusers/sheddn/LDR/Corces_Montine_33106633/33106633_CAU_Mixed_Adult_22.rep2.pval0.01.300K.bfilt.narrowPeak.gzL2_0"
0.947373194820404,"CAU",44,"/data/rusers/sheddn/LDR/Corces_Montine_33106633/33106633_CAU_Mixed_Adult_23.rep1.pval0.01.300K.bfilt.narrowPeak.gzL2_0"
3.33586344917737,"CAU",45,"/data/rusers/sheddn/LDR/Corces_Montine_33106633/33106633_CAU_Mixed_Adult_23.rep2.pval0.01.300K.bfilt.narrowPeak.gzL2_0"
3.1763502630951,"CAU",46,"/data/rusers/sheddn/LDR/Corces_Montine_33106633/33106633_CAU_Mixed_Adult_24.rep1.pval0.01.300K.bfilt.narrowPeak.gzL2_0"
-1.91452138183566,"CAU",47,"/data/rusers/sheddn/LDR/Corces_Montine_33106633/33106633_CAU_Mixed_Adult_24.rep2.pval0.01.300K.bfilt.narrowPeak.gzL2_0"
1.68116043225394,"CAU",48,"/data/rusers/sheddn/LDR/Corces_Montine_33106633/33106633_CAU_Mixed_Adult_25.rep1.pval0.01.300K.bfilt.narrowPeak.gzL2_0"
1.99751666757748,"CAU",49,"/data/rusers/sheddn/LDR/Corces_Montine_33106633/33106633_CAU_Mixed_Adult_25.rep2.pval0.01.300K.bfilt.narrowPeak.gzL2_0"
-2.13887742254617,"CAU",50,"/data/rusers/sheddn/LDR/Corces_Montine_33106633/33106633_CAU_Mixed_Adult_26.rep1.pval0.01.300K.bfilt.narrowPeak.gzL2_0"
1.94269973542514,"CAU",51,"/data/rusers/sheddn/LDR/Corces_Montine_33106633/33106633_CAU_Mixed_Adult_26.rep2.pval0.01.300K.bfilt.narrowPeak.gzL2_0"
-0.534071066596195,"CAU",52,"/data/rusers/sheddn/LDR/Corces_Montine_33106633/33106633_CAU_Mixed_Adult_26.rep3.pval0.01.300K.bfilt.narrowPeak.gzL2_0"
1.97789713380034,"CAU",53,"/data/rusers/sheddn/LDR/Corces_Montine_33106633/33106633_CAU_Mixed_Adult_27.rep1.pval0.01.300K.bfilt.narrowPeak.gzL2_0"
0.781587693432906,"CAU",54,"/data/rusers/sheddn/LDR/Corces_Montine_33106633/33106633_CAU_Mixed_Adult_27.rep2.pval0.01.300K.bfilt.narrowPeak.gzL2_0"
0.311991183958721,"CAU",55,"/data/rusers/sheddn/LDR/Corces_Montine_33106633/33106633_CAU_Mixed_Adult_28.rep1.pval0.01.300K.bfilt.narrowPeak.gzL2_0"
-0.0651406870374893,"CAU",56,"/data/rusers/sheddn/LDR/Corces_Montine_33106633/33106633_CAU_Mixed_Adult_28.rep2.pval0.01.300K.bfilt.narrowPeak.gzL2_0"
-1.1988994743513,"CAU",57,"/data/rusers/sheddn/LDR/Corces_Montine_33106633/33106633_CAU_Mixed_Adult_29.rep1.pval0.01.300K.bfilt.narrowPeak.gzL2_0"
2.20090540776947,"CAU",58,"/data/rusers/sheddn/LDR/Corces_Montine_33106633/33106633_CAU_Mixed_Adult_29.rep2.pval0.01.300K.bfilt.narrowPeak.gzL2_0"
-1.56220592857579,"CAU",59,"/data/rusers/sheddn/LDR/Corces_Montine_33106633/33106633_CAU_Mixed_Adult_2.rep1.pval0.01.300K.bfilt.narrowPeak.gzL2_0"
0.428487843483506,"CAU",60,"/data/rusers/sheddn/LDR/Corces_Montine_33106633/33106633_CAU_Mixed_Adult_30.rep1.pval0.01.300K.bfilt.narrowPeak.gzL2_0"
-0.59708349890865,"CAU",61,"/data/rusers/sheddn/LDR/Corces_Montine_33106633/33106633_CAU_Mixed_Adult_30.rep2.pval0.01.300K.bfilt.narrowPeak.gzL2_0"
-2.09783025245933,"CAU",62,"/data/rusers/sheddn/LDR/Corces_Montine_33106633/33106633_CAU_Mixed_Adult_31.rep1.pval0.01.300K.bfilt.narrowPeak.gzL2_0"
-1.27514834301361,"CAU",63,"/data/rusers/sheddn/LDR/Corces_Montine_33106633/33106633_CAU_Mixed_Adult_31.rep2.pval0.01.300K.bfilt.narrowPeak.gzL2_0"
0.884729493695049,"CAU",64,"/data/rusers/sheddn/LDR/Corces_Montine_33106633/33106633_CAU_Mixed_Adult_32.rep1.pval0.01.300K.bfilt.narrowPeak.gzL2_0"
-2.43582002820229,"CAU",65,"/data/rusers/sheddn/LDR/Corces_Montine_33106633/33106633_CAU_Mixed_Adult_32.rep2.pval0.01.300K.bfilt.narrowPeak.gzL2_0"
2.69633778505837,"CAU",66,"/data/rusers/sheddn/LDR/Corces_Montine_33106633/33106633_CAU_Mixed_Adult_3.rep1.pval0.01.300K.bfilt.narrowPeak.gzL2_0"
2.48671215546357,"CAU",67,"/data/rusers/sheddn/LDR/Corces_Montine_33106633/33106633_CAU_Mixed_Adult_3.rep2.pval0.01.300K.bfilt.narrowPeak.gzL2_0"
-0.0691758784516411,"CAU",68,"/data/rusers/sheddn/LDR/Corces_Montine_33106633/33106633_CAU_Mixed_Adult_4.rep1.pval0.01.300K.bfilt.narrowPeak.gzL2_0"
-0.0367541027373744,"CAU",69,"/data/rusers/sheddn/LDR/Corces_Montine_33106633/33106633_CAU_Mixed_Adult_4.rep2.pval0.01.300K.bfilt.narrowPeak.gzL2_0"
1.12878620351481,"CAU",70,"/data/rusers/sheddn/LDR/Corces_Montine_33106633/33106633_CAU_Mixed_Adult_5.rep1.pval0.01.300K.bfilt.narrowPeak.gzL2_0"
-2.05591691345297,"CAU",71,"/data/rusers/sheddn/LDR/Corces_Montine_33106633/33106633_CAU_Mixed_Adult_6.rep1.pval0.01.300K.bfilt.narrowPeak.gzL2_0"
1.56095569737882,"CAU",72,"/data/rusers/sheddn/LDR/Corces_Montine_33106633/33106633_CAU_Mixed_Adult_6.rep2.pval0.01.300K.bfilt.narrowPeak.gzL2_0"
-1.66418556873585,"CAU",73,"/data/rusers/sheddn/LDR/Corces_Montine_33106633/33106633_CAU_Mixed_Adult_7.rep1.pval0.01.300K.bfilt.narrowPeak.gzL2_0"
0.98502912036806,"CAU",74,"/data/rusers/sheddn/LDR/Corces_Montine_33106633/33106633_CAU_Mixed_Adult_7.rep2.pval0.01.300K.bfilt.narrowPeak.gzL2_0"
2.10510967499554,"CAU",75,"/data/rusers/sheddn/LDR/Corces_Montine_33106633/33106633_CAU_Mixed_Adult_8.rep1.pval0.01.300K.bfilt.narrowPeak.gzL2_0"
-0.655817781316408,"CAU",76,"/data/rusers/sheddn/LDR/Corces_Montine_33106633/33106633_CAU_Mixed_Adult_8.rep2.pval0.01.300K.bfilt.narrowPeak.gzL2_0"
1.90885350901139,"CAU",77,"/data/rusers/sheddn/LDR/Corces_Montine_33106633/33106633_CAU_Mixed_Adult_9.rep1.pval0.01.300K.bfilt.narrowPeak.gzL2_0"
3.09663183817295,"DSPFC",78,"/data/rusers/sheddn/LDR/Fullard_Roussos_29945882/29945882_DSPFC_NeuN+_19y_351.r0.pval0.01.300K.bfilt.narrowPeak.gzL2_0"
-5.73899805133949,"DSPFC",79,"/data/rusers/sheddn/LDR/Fullard_Roussos_29945882/29945882_DSPFC_NeuN-_19y_351.r0.pval0.01.300K.bfilt.narrowPeak.gzL2_0"
3.90315081209496,"DSPFC",80,"/data/rusers/sheddn/LDR/Fullard_Roussos_29945882/29945882_DSPFC_NeuN+_20y_437.r0.pval0.01.300K.bfilt.narrowPeak.gzL2_0"
-3.24691394294995,"DSPFC",81,"/data/rusers/sheddn/LDR/Fullard_Roussos_29945882/29945882_DSPFC_NeuN-_20y_437.r0.pval0.01.300K.bfilt.narrowPeak.gzL2_0"
-0.476925618491841,"DSPFC",82,"/data/rusers/sheddn/LDR/Fullard_Roussos_29945882/29945882_DSPFC_NeuN+_22y_372.r0.pval0.01.300K.bfilt.narrowPeak.gzL2_0"
-2.91571026411113,"DSPFC",83,"/data/rusers/sheddn/LDR/Fullard_Roussos_29945882/29945882_DSPFC_NeuN-_22y_372.r0.pval0.01.300K.bfilt.narrowPeak.gzL2_0"
-4.40107600462726,"DSPFC",84,"/data/rusers/sheddn/LDR/Fullard_Roussos_29945882/29945882_DSPFC_NeuN+_22y_446.r0.pval0.01.300K.bfilt.narrowPeak.gzL2_0"
3.24850260876096,"DSPFC",85,"/data/rusers/sheddn/LDR/Fullard_Roussos_29945882/29945882_DSPFC_NeuN-_22y_446.r0.pval0.01.300K.bfilt.narrowPeak.gzL2_0"
1.49172821937884,"DSPFC",86,"/data/rusers/sheddn/LDR/Fullard_Roussos_29945882/29945882_DSPFC_NeuN+_28y_440.r0.pval0.01.300K.bfilt.narrowPeak.gzL2_0"
-2.22507637258278,"DSPFC",87,"/data/rusers/sheddn/LDR/Fullard_Roussos_29945882/29945882_DSPFC_NeuN-_28y_440.r0.pval0.01.300K.bfilt.narrowPeak.gzL2_0"
0.331007474142521,"FPPFC",88,"/data/rusers/sheddn/LDR/Fullard_Roussos_28335009/28335009_FPPFC_NeuN+_Adult_S1.r0.pval0.01.300K.bfilt.narrowPeak.gzL2_0"
-4.4400441539002,"FPPFC",89,"/data/rusers/sheddn/LDR/Fullard_Roussos_28335009/28335009_FPPFC_NeuN-_Adult_S1.r0.pval0.01.300K.bfilt.narrowPeak.gzL2_0"
5.52067272063935,"FPPFC",90,"/data/rusers/sheddn/LDR/Fullard_Roussos_28335009/28335009_FPPFC_NeuN+_Adult_S2.r0.pval0.01.300K.bfilt.narrowPeak.gzL2_0"
-2.32040778566573,"FPPFC",91,"/data/rusers/sheddn/LDR/Fullard_Roussos_28335009/28335009_FPPFC_NeuN-_Adult_S2.r0.pval0.01.300K.bfilt.narrowPeak.gzL2_0"
-1.43822688957556,"FPPFC",92,"/data/rusers/sheddn/LDR/Fullard_Roussos_28335009/28335009_FPPFC_NeuN+_Adult_S3.r0.pval0.01.300K.bfilt.narrowPeak.gzL2_0"
-1.88723851763125,"FPPFC",93,"/data/rusers/sheddn/LDR/Fullard_Roussos_28335009/28335009_FPPFC_NeuN-_Adult_S3.r0.pval0.01.300K.bfilt.narrowPeak.gzL2_0"
-0.0900757833873671,"FPPFC",94,"/data/rusers/sheddn/LDR/Fullard_Roussos_28335009/28335009_FPPFC_NeuN+_Adult_S4.r0.pval0.01.300K.bfilt.narrowPeak.gzL2_0"
2.01259251294714,"FPPFC",95,"/data/rusers/sheddn/LDR/Fullard_Roussos_28335009/28335009_FPPFC_NeuN-_Adult_S4.r0.pval0.01.300K.bfilt.narrowPeak.gzL2_0"
1.65314564758119,"FPPFC",96,"/data/rusers/sheddn/LDR/Fullard_Roussos_28335009/28335009_FPPFC_NeuN+_Adult_S5.r0.pval0.01.300K.bfilt.narrowPeak.gzL2_0"
3.38493836989278,"FPPFC",97,"/data/rusers/sheddn/LDR/Fullard_Roussos_28335009/28335009_FPPFC_NeuN-_Adult_S5.r0.pval0.01.300K.bfilt.narrowPeak.gzL2_0"
1.19184472799394,"FPPFC",98,"/data/rusers/sheddn/LDR/Fullard_Roussos_28335009/28335009_FPPFC_NeuN+_Adult_S6.r0.pval0.01.300K.bfilt.narrowPeak.gzL2_0"
0.703685710296968,"FPPFC",99,"/data/rusers/sheddn/LDR/Fullard_Roussos_28335009/28335009_FPPFC_NeuN-_Adult_S6.r0.pval0.01.300K.bfilt.narrowPeak.gzL2_0"
-4.22811572655431,"FPPFC",100,"/data/rusers/sheddn/LDR/Fullard_Roussos_28335009/28335009_FPPFC_NeuN+_Adult_S7.r0.pval0.01.300K.bfilt.narrowPeak.gzL2_0"
-1.50596063321835,"FPPFC",101,"/data/rusers/sheddn/LDR/Fullard_Roussos_28335009/28335009_FPPFC_NeuN-_Adult_S7.r0.pval0.01.300K.bfilt.narrowPeak.gzL2_0"
2.55793135055065,"FPPFC",102,"/data/rusers/sheddn/LDR/Fullard_Roussos_28335009/28335009_FPPFC_NeuN+_Adult_S8.r0.pval0.01.300K.bfilt.narrowPeak.gzL2_0"
-2.05335375550066,"FPPFC",103,"/data/rusers/sheddn/LDR/Fullard_Roussos_28335009/28335009_FPPFC_NeuN-_Adult_S8.r0.pval0.01.300K.bfilt.narrowPeak.gzL2_0"
1.98693679942026,"HC",104,"/data/rusers/sheddn/LDR/Corces_Montine_33106633/33106633_HC_Mixed_Adult_10.rep1.pval0.01.300K.bfilt.narrowPeak.gzL2_0"
3.27008224051556,"HC",105,"/data/rusers/sheddn/LDR/Corces_Montine_33106633/33106633_HC_Mixed_Adult_10.rep2.pval0.01.300K.bfilt.narrowPeak.gzL2_0"
0.990706582919011,"HC",106,"/data/rusers/sheddn/LDR/Corces_Montine_33106633/33106633_HC_Mixed_Adult_11.rep1.pval0.01.300K.bfilt.narrowPeak.gzL2_0"
0.110778032585995,"HC",107,"/data/rusers/sheddn/LDR/Corces_Montine_33106633/33106633_HC_Mixed_Adult_11.rep2.pval0.01.300K.bfilt.narrowPeak.gzL2_0"
-4.20943574073176,"HC",108,"/data/rusers/sheddn/LDR/Corces_Montine_33106633/33106633_HC_Mixed_Adult_12.rep1.pval0.01.300K.bfilt.narrowPeak.gzL2_0"
2.1817180235731,"HC",109,"/data/rusers/sheddn/LDR/Corces_Montine_33106633/33106633_HC_Mixed_Adult_13.rep1.pval0.01.300K.bfilt.narrowPeak.gzL2_0"
3.18318410333523,"HC",110,"/data/rusers/sheddn/LDR/Corces_Montine_33106633/33106633_HC_Mixed_Adult_13.rep2.pval0.01.300K.bfilt.narrowPeak.gzL2_0"
1.57503515176148,"HC",111,"/data/rusers/sheddn/LDR/Corces_Montine_33106633/33106633_HC_Mixed_Adult_14.rep1.pval0.01.300K.bfilt.narrowPeak.gzL2_0"
-0.556792951963938,"HC",112,"/data/rusers/sheddn/LDR/Corces_Montine_33106633/33106633_HC_Mixed_Adult_14.rep2.pval0.01.300K.bfilt.narrowPeak.gzL2_0"
3.39571523760392,"HC",113,"/data/rusers/sheddn/LDR/Corces_Montine_33106633/33106633_HC_Mixed_Adult_14.rep3.pval0.01.300K.bfilt.narrowPeak.gzL2_0"
5.26900358984133,"HC",114,"/data/rusers/sheddn/LDR/Corces_Montine_33106633/33106633_HC_Mixed_Adult_14.rep4.pval0.01.300K.bfilt.narrowPeak.gzL2_0"
0.385033559340726,"HC",115,"/data/rusers/sheddn/LDR/Corces_Montine_33106633/33106633_HC_Mixed_Adult_15.rep1.pval0.01.300K.bfilt.narrowPeak.gzL2_0"
3.36841310398739,"HC",116,"/data/rusers/sheddn/LDR/Corces_Montine_33106633/33106633_HC_Mixed_Adult_15.rep2.pval0.01.300K.bfilt.narrowPeak.gzL2_0"
0.297029026812809,"HC",117,"/data/rusers/sheddn/LDR/Corces_Montine_33106633/33106633_HC_Mixed_Adult_16.rep1.pval0.01.300K.bfilt.narrowPeak.gzL2_0"
2.27858473525004,"HC",118,"/data/rusers/sheddn/LDR/Corces_Montine_33106633/33106633_HC_Mixed_Adult_16.rep2.pval0.01.300K.bfilt.narrowPeak.gzL2_0"
2.52378446791653,"HC",119,"/data/rusers/sheddn/LDR/Corces_Montine_33106633/33106633_HC_Mixed_Adult_17.rep1.pval0.01.300K.bfilt.narrowPeak.gzL2_0"
2.53581481455737,"HC",120,"/data/rusers/sheddn/LDR/Corces_Montine_33106633/33106633_HC_Mixed_Adult_17.rep2.pval0.01.300K.bfilt.narrowPeak.gzL2_0"
2.67844887919826,"HC",121,"/data/rusers/sheddn/LDR/Corces_Montine_33106633/33106633_HC_Mixed_Adult_18.rep1.pval0.01.300K.bfilt.narrowPeak.gzL2_0"
0.660215546232118,"HC",122,"/data/rusers/sheddn/LDR/Corces_Montine_33106633/33106633_HC_Mixed_Adult_18.rep2.pval0.01.300K.bfilt.narrowPeak.gzL2_0"
3.17822857522288,"HC",123,"/data/rusers/sheddn/LDR/Corces_Montine_33106633/33106633_HC_Mixed_Adult_19.rep1.pval0.01.300K.bfilt.narrowPeak.gzL2_0"
-0.994064366292551,"HC",124,"/data/rusers/sheddn/LDR/Corces_Montine_33106633/33106633_HC_Mixed_Adult_19.rep2.pval0.01.300K.bfilt.narrowPeak.gzL2_0"
1.19425792078298,"HC",125,"/data/rusers/sheddn/LDR/Corces_Montine_33106633/33106633_HC_Mixed_Adult_1.rep1.pval0.01.300K.bfilt.narrowPeak.gzL2_0"
-3.58731730862582,"HC",126,"/data/rusers/sheddn/LDR/Corces_Montine_33106633/33106633_HC_Mixed_Adult_1.rep2.pval0.01.300K.bfilt.narrowPeak.gzL2_0"
-2.01215610331454,"HC",127,"/data/rusers/sheddn/LDR/Corces_Montine_33106633/33106633_HC_Mixed_Adult_20.rep1.pval0.01.300K.bfilt.narrowPeak.gzL2_0"
-0.485476791601168,"HC",128,"/data/rusers/sheddn/LDR/Corces_Montine_33106633/33106633_HC_Mixed_Adult_20.rep2.pval0.01.300K.bfilt.narrowPeak.gzL2_0"
-1.98676933119495,"HC",129,"/data/rusers/sheddn/LDR/Corces_Montine_33106633/33106633_HC_Mixed_Adult_21.rep1.pval0.01.300K.bfilt.narrowPeak.gzL2_0"
-3.37612440400338,"HC",130,"/data/rusers/sheddn/LDR/Corces_Montine_33106633/33106633_HC_Mixed_Adult_21.rep2.pval0.01.300K.bfilt.narrowPeak.gzL2_0"
0.871331335913845,"HC",131,"/data/rusers/sheddn/LDR/Corces_Montine_33106633/33106633_HC_Mixed_Adult_21.rep3.pval0.01.300K.bfilt.narrowPeak.gzL2_0"
-1.18583142607284,"HC",132,"/data/rusers/sheddn/LDR/Corces_Montine_33106633/33106633_HC_Mixed_Adult_22.rep1.pval0.01.300K.bfilt.narrowPeak.gzL2_0"
-2.2027548088888,"HC",133,"/data/rusers/sheddn/LDR/Corces_Montine_33106633/33106633_HC_Mixed_Adult_22.rep2.pval0.01.300K.bfilt.narrowPeak.gzL2_0"
0.288251126613758,"HC",134,"/data/rusers/sheddn/LDR/Corces_Montine_33106633/33106633_HC_Mixed_Adult_2.rep1.pval0.01.300K.bfilt.narrowPeak.gzL2_0"
-0.899393059352197,"HC",135,"/data/rusers/sheddn/LDR/Corces_Montine_33106633/33106633_HC_Mixed_Adult_2.rep2.pval0.01.300K.bfilt.narrowPeak.gzL2_0"
-3.69360304897294,"HC",136,"/data/rusers/sheddn/LDR/Corces_Montine_33106633/33106633_HC_Mixed_Adult_3.rep1.pval0.01.300K.bfilt.narrowPeak.gzL2_0"
3.96858689594768,"HC",137,"/data/rusers/sheddn/LDR/Corces_Montine_33106633/33106633_HC_Mixed_Adult_3.rep2.pval0.01.300K.bfilt.narrowPeak.gzL2_0"
-2.32420547087656,"HC",138,"/data/rusers/sheddn/LDR/Corces_Montine_33106633/33106633_HC_Mixed_Adult_4.rep1.pval0.01.300K.bfilt.narrowPeak.gzL2_0"
-1.28087407903455,"HC",139,"/data/rusers/sheddn/LDR/Corces_Montine_33106633/33106633_HC_Mixed_Adult_4.rep2.pval0.01.300K.bfilt.narrowPeak.gzL2_0"
5.56782804023953,"HC",140,"/data/rusers/sheddn/LDR/Corces_Montine_33106633/33106633_HC_Mixed_Adult_5.rep1.pval0.01.300K.bfilt.narrowPeak.gzL2_0"
4.31098101861481,"HC",141,"/data/rusers/sheddn/LDR/Corces_Montine_33106633/33106633_HC_Mixed_Adult_5.rep2.pval0.01.300K.bfilt.narrowPeak.gzL2_0"
2.9073041717303,"HC",142,"/data/rusers/sheddn/LDR/Corces_Montine_33106633/33106633_HC_Mixed_Adult_6.rep1.pval0.01.300K.bfilt.narrowPeak.gzL2_0"
-0.259076901040088,"HC",143,"/data/rusers/sheddn/LDR/Corces_Montine_33106633/33106633_HC_Mixed_Adult_6.rep2.pval0.01.300K.bfilt.narrowPeak.gzL2_0"
-1.46683829160604,"HC",144,"/data/rusers/sheddn/LDR/Corces_Montine_33106633/33106633_HC_Mixed_Adult_7.rep1.pval0.01.300K.bfilt.narrowPeak.gzL2_0"
3.08103280680709,"HC",145,"/data/rusers/sheddn/LDR/Corces_Montine_33106633/33106633_HC_Mixed_Adult_8.rep1.pval0.01.300K.bfilt.narrowPeak.gzL2_0"
3.30536321924743,"HC",146,"/data/rusers/sheddn/LDR/Corces_Montine_33106633/33106633_HC_Mixed_Adult_8.rep2.pval0.01.300K.bfilt.narrowPeak.gzL2_0"
-6.91492202292624,"HC",147,"/data/rusers/sheddn/LDR/Corces_Montine_33106633/33106633_HC_Mixed_Adult_9.rep1.pval0.01.300K.bfilt.narrowPeak.gzL2_0"
1.69015510671087,"HC",148,"/data/rusers/sheddn/LDR/Corces_Montine_33106633/33106633_HC_Mixed_Adult_9.rep2.pval0.01.300K.bfilt.narrowPeak.gzL2_0"
2.28878196133129,"HC",149,"/data/rusers/sheddn/LDR/Corces_Montine_33106633/33106633_HC_Mixed_Adult_9.rep3.pval0.01.300K.bfilt.narrowPeak.gzL2_0"
-2.5954860980759,"HC",150,"/data/rusers/sheddn/LDR/Fullard_Roussos_29945882/29945882_HC_NeuN+_20y_437.r0.pval0.01.300K.bfilt.narrowPeak.gzL2_0"
-4.16701988911559,"HC",151,"/data/rusers/sheddn/LDR/Fullard_Roussos_29945882/29945882_HC_NeuN-_20y_437.r0.pval0.01.300K.bfilt.narrowPeak.gzL2_0"
1.47712116932685,"HC",152,"/data/rusers/sheddn/LDR/Fullard_Roussos_29945882/29945882_HC_NeuN+_22y_372.r0.pval0.01.300K.bfilt.narrowPeak.gzL2_0"
5.36895187524752,"HC",153,"/data/rusers/sheddn/LDR/Fullard_Roussos_29945882/29945882_HC_NeuN-_22y_372.r0.pval0.01.300K.bfilt.narrowPeak.gzL2_0"
4.45669730604011,"HC",154,"/data/rusers/sheddn/LDR/Fullard_Roussos_29945882/29945882_HC_NeuN+_22y_446.r0.pval0.01.300K.bfilt.narrowPeak.gzL2_0"
-1.01147081013409,"HC",155,"/data/rusers/sheddn/LDR/Fullard_Roussos_29945882/29945882_HC_NeuN-_22y_446.r0.pval0.01.300K.bfilt.narrowPeak.gzL2_0"
4.34693567764253,"INS",156,"/data/rusers/sheddn/LDR/Fullard_Roussos_29945882/29945882_INS_NeuN+_19y_351.r0.pval0.01.300K.bfilt.narrowPeak.gzL2_0"
0.339233423194352,"INS",157,"/data/rusers/sheddn/LDR/Fullard_Roussos_29945882/29945882_INS_NeuN-_19y_351.r0.pval0.01.300K.bfilt.narrowPeak.gzL2_0"
-1.08238560728334,"INS",158,"/data/rusers/sheddn/LDR/Fullard_Roussos_29945882/29945882_INS_NeuN+_20y_437.r0.pval0.01.300K.bfilt.narrowPeak.gzL2_0"
0.384505799100078,"INS",159,"/data/rusers/sheddn/LDR/Fullard_Roussos_29945882/29945882_INS_NeuN-_20y_437.r0.pval0.01.300K.bfilt.narrowPeak.gzL2_0"
4.99736103793976,"INS",160,"/data/rusers/sheddn/LDR/Fullard_Roussos_29945882/29945882_INS_NeuN+_22y_372.r0.pval0.01.300K.bfilt.narrowPeak.gzL2_0"
2.30731729180587,"INS",161,"/data/rusers/sheddn/LDR/Fullard_Roussos_29945882/29945882_INS_NeuN-_22y_372.r0.pval0.01.300K.bfilt.narrowPeak.gzL2_0"
-2.75706472176741,"INS",162,"/data/rusers/sheddn/LDR/Fullard_Roussos_29945882/29945882_INS_NeuN+_22y_446.r0.pval0.01.300K.bfilt.narrowPeak.gzL2_0"
-3.18150168573368,"INS",163,"/data/rusers/sheddn/LDR/Fullard_Roussos_29945882/29945882_INS_NeuN-_22y_446.r0.pval0.01.300K.bfilt.narrowPeak.gzL2_0"
4.07526719145051,"INS",164,"/data/rusers/sheddn/LDR/Fullard_Roussos_29945882/29945882_INS_NeuN+_28y_440.r0.pval0.01.300K.bfilt.narrowPeak.gzL2_0"
1.50165079195787,"INS",165,"/data/rusers/sheddn/LDR/Fullard_Roussos_29945882/29945882_INS_NeuN-_28y_440.r0.pval0.01.300K.bfilt.narrowPeak.gzL2_0"
5.79662311234067,"ITC",166,"/data/rusers/sheddn/LDR/Fullard_Roussos_29945882/29945882_ITC_NeuN+_19y_351.r0.pval0.01.300K.bfilt.narrowPeak.gzL2_0"
-3.19620612617691,"ITC",167,"/data/rusers/sheddn/LDR/Fullard_Roussos_29945882/29945882_ITC_NeuN-_19y_351.r0.pval0.01.300K.bfilt.narrowPeak.gzL2_0"
-2.51439959912148,"ITC",168,"/data/rusers/sheddn/LDR/Fullard_Roussos_29945882/29945882_ITC_NeuN+_20y_437.r0.pval0.01.300K.bfilt.narrowPeak.gzL2_0"
-1.86394607095042,"ITC",169,"/data/rusers/sheddn/LDR/Fullard_Roussos_29945882/29945882_ITC_NeuN-_20y_437.r0.pval0.01.300K.bfilt.narrowPeak.gzL2_0"
-1.24752166211966,"ITC",170,"/data/rusers/sheddn/LDR/Fullard_Roussos_29945882/29945882_ITC_NeuN+_22y_372.r0.pval0.01.300K.bfilt.narrowPeak.gzL2_0"
-1.74189790742287,"ITC",171,"/data/rusers/sheddn/LDR/Fullard_Roussos_29945882/29945882_ITC_NeuN-_22y_372.r0.pval0.01.300K.bfilt.narrowPeak.gzL2_0"
0.905390102690396,"ITC",172,"/data/rusers/sheddn/LDR/Fullard_Roussos_29945882/29945882_ITC_NeuN+_22y_446.r0.pval0.01.300K.bfilt.narrowPeak.gzL2_0"
-2.89843047284039,"ITC",173,"/data/rusers/sheddn/LDR/Fullard_Roussos_29945882/29945882_ITC_NeuN-_22y_446.r0.pval0.01.300K.bfilt.narrowPeak.gzL2_0"
-0.383512486535976,"ITC",174,"/data/rusers/sheddn/LDR/Fullard_Roussos_29945882/29945882_ITC_NeuN+_28y_440.r0.pval0.01.300K.bfilt.narrowPeak.gzL2_0"
3.51262122631982,"ITC",175,"/data/rusers/sheddn/LDR/Fullard_Roussos_29945882/29945882_ITC_NeuN-_28y_440.r0.pval0.01.300K.bfilt.narrowPeak.gzL2_0"
0.425920860443134,"MDT",176,"/data/rusers/sheddn/LDR/Fullard_Roussos_29945882/29945882_MDT_NeuN+_19y_351.r0.pval0.01.300K.bfilt.narrowPeak.gzL2_0"
1.93901982187523,"MDT",177,"/data/rusers/sheddn/LDR/Fullard_Roussos_29945882/29945882_MDT_NeuN-_19y_351.r0.pval0.01.300K.bfilt.narrowPeak.gzL2_0"
-2.16041208445404,"MDT",178,"/data/rusers/sheddn/LDR/Fullard_Roussos_29945882/29945882_MDT_NeuN+_22y_372.r0.pval0.01.300K.bfilt.narrowPeak.gzL2_0"
5.4531079053024,"MDT",179,"/data/rusers/sheddn/LDR/Fullard_Roussos_29945882/29945882_MDT_NeuN-_22y_372.r0.pval0.01.300K.bfilt.narrowPeak.gzL2_0"
4.97626113283066,"MDT",180,"/data/rusers/sheddn/LDR/Fullard_Roussos_29945882/29945882_MDT_NeuN+_22y_446.r0.pval0.01.300K.bfilt.narrowPeak.gzL2_0"
1.61998713837754,"MDT",181,"/data/rusers/sheddn/LDR/Fullard_Roussos_29945882/29945882_MDT_NeuN-_22y_446.r0.pval0.01.300K.bfilt.narrowPeak.gzL2_0"
2.1431806465961,"MDT",182,"/data/rusers/sheddn/LDR/Fullard_Roussos_29945882/29945882_MDT_NeuN-_28y_440.r0.pval0.01.300K.bfilt.narrowPeak.gzL2_0"
1.10274192853435,"MFG",183,"/data/rusers/sheddn/LDR/Corces_Montine_33106633/33106633_MFG_Mixed_Adult_10.rep1.pval0.01.300K.bfilt.narrowPeak.gzL2_0"
4.01641892765421,"MFG",184,"/data/rusers/sheddn/LDR/Corces_Montine_33106633/33106633_MFG_Mixed_Adult_10.rep2.pval0.01.300K.bfilt.narrowPeak.gzL2_0"
3.39264327458285,"MFG",185,"/data/rusers/sheddn/LDR/Corces_Montine_33106633/33106633_MFG_Mixed_Adult_11.rep1.pval0.01.300K.bfilt.narrowPeak.gzL2_0"
4.77721768834612,"MFG",186,"/data/rusers/sheddn/LDR/Corces_Montine_33106633/33106633_MFG_Mixed_Adult_11.rep2.pval0.01.300K.bfilt.narrowPeak.gzL2_0"
0.757160508109797,"MFG",187,"/data/rusers/sheddn/LDR/Corces_Montine_33106633/33106633_MFG_Mixed_Adult_12.rep1.pval0.01.300K.bfilt.narrowPeak.gzL2_0"
2.83249180865876,"MFG",188,"/data/rusers/sheddn/LDR/Corces_Montine_33106633/33106633_MFG_Mixed_Adult_12.rep2.pval0.01.300K.bfilt.narrowPeak.gzL2_0"
3.840980512185,"MFG",189,"/data/rusers/sheddn/LDR/Corces_Montine_33106633/33106633_MFG_Mixed_Adult_1.rep1.pval0.01.300K.bfilt.narrowPeak.gzL2_0"
4.8034786057176,"MFG",190,"/data/rusers/sheddn/LDR/Corces_Montine_33106633/33106633_MFG_Mixed_Adult_1.rep2.pval0.01.300K.bfilt.narrowPeak.gzL2_0"
5.24152342609403,"MFG",191,"/data/rusers/sheddn/LDR/Corces_Montine_33106633/33106633_MFG_Mixed_Adult_2.rep1.pval0.01.300K.bfilt.narrowPeak.gzL2_0"
1.28474991424227,"MFG",192,"/data/rusers/sheddn/LDR/Corces_Montine_33106633/33106633_MFG_Mixed_Adult_3.rep1.pval0.01.300K.bfilt.narrowPeak.gzL2_0"
4.72671976794406,"MFG",193,"/data/rusers/sheddn/LDR/Corces_Montine_33106633/33106633_MFG_Mixed_Adult_3.rep2.pval0.01.300K.bfilt.narrowPeak.gzL2_0"
3.21096538581174,"MFG",194,"/data/rusers/sheddn/LDR/Corces_Montine_33106633/33106633_MFG_Mixed_Adult_4.rep1.pval0.01.300K.bfilt.narrowPeak.gzL2_0"
5.04342457489252,"MFG",195,"/data/rusers/sheddn/LDR/Corces_Montine_33106633/33106633_MFG_Mixed_Adult_4.rep2.pval0.01.300K.bfilt.narrowPeak.gzL2_0"
2.02849034074526,"MFG",196,"/data/rusers/sheddn/LDR/Corces_Montine_33106633/33106633_MFG_Mixed_Adult_5.rep1.pval0.01.300K.bfilt.narrowPeak.gzL2_0"
-0.106944455095501,"MFG",197,"/data/rusers/sheddn/LDR/Corces_Montine_33106633/33106633_MFG_Mixed_Adult_5.rep2.pval0.01.300K.bfilt.narrowPeak.gzL2_0"
-0.363014267995807,"MFG",198,"/data/rusers/sheddn/LDR/Corces_Montine_33106633/33106633_MFG_Mixed_Adult_6.rep1.pval0.01.300K.bfilt.narrowPeak.gzL2_0"
5.69506825222837,"MFG",199,"/data/rusers/sheddn/LDR/Corces_Montine_33106633/33106633_MFG_Mixed_Adult_6.rep2.pval0.01.300K.bfilt.narrowPeak.gzL2_0"
5.70106373519039,"MFG",200,"/data/rusers/sheddn/LDR/Corces_Montine_33106633/33106633_MFG_Mixed_Adult_6.rep3.pval0.01.300K.bfilt.narrowPeak.gzL2_0"
1.18367250237034,"MFG",201,"/data/rusers/sheddn/LDR/Corces_Montine_33106633/33106633_MFG_Mixed_Adult_7.rep1.pval0.01.300K.bfilt.narrowPeak.gzL2_0"
-0.24039343762864,"MFG",202,"/data/rusers/sheddn/LDR/Corces_Montine_33106633/33106633_MFG_Mixed_Adult_7.rep2.pval0.01.300K.bfilt.narrowPeak.gzL2_0"
3.4788235312116,"MFG",203,"/data/rusers/sheddn/LDR/Corces_Montine_33106633/33106633_MFG_Mixed_Adult_7.rep3.pval0.01.300K.bfilt.narrowPeak.gzL2_0"
1.29114409523839,"MFG",204,"/data/rusers/sheddn/LDR/Corces_Montine_33106633/33106633_MFG_Mixed_Adult_8.rep1.pval0.01.300K.bfilt.narrowPeak.gzL2_0"
1.54011565896608,"MFG",205,"/data/rusers/sheddn/LDR/Corces_Montine_33106633/33106633_MFG_Mixed_Adult_8.rep2.pval0.01.300K.bfilt.narrowPeak.gzL2_0"
1.87615507344874,"MFG",206,"/data/rusers/sheddn/LDR/Corces_Montine_33106633/33106633_MFG_Mixed_Adult_9.rep1.pval0.01.300K.bfilt.narrowPeak.gzL2_0"
2.91883000395076,"MFG",207,"/data/rusers/sheddn/LDR/Corces_Montine_33106633/33106633_MFG_Mixed_Adult_9.rep3.pval0.01.300K.bfilt.narrowPeak.gzL2_0"
-0.665040277915612,"MOFC",208,"/data/rusers/sheddn/LDR/Fullard_Roussos_29945882/29945882_MOFC_NeuN+_19y_351.r0.pval0.01.300K.bfilt.narrowPeak.gzL2_0"
4.13340514855745,"MOFC",209,"/data/rusers/sheddn/LDR/Fullard_Roussos_29945882/29945882_MOFC_NeuN-_19y_351.r0.pval0.01.300K.bfilt.narrowPeak.gzL2_0"
4.21804672101903,"MOFC",210,"/data/rusers/sheddn/LDR/Fullard_Roussos_29945882/29945882_MOFC_NeuN+_20y_437.r0.pval0.01.300K.bfilt.narrowPeak.gzL2_0"
1.19420525215704,"MOFC",211,"/data/rusers/sheddn/LDR/Fullard_Roussos_29945882/29945882_MOFC_NeuN-_20y_437.r0.pval0.01.300K.bfilt.narrowPeak.gzL2_0"
5.2562726748578,"MOFC",212,"/data/rusers/sheddn/LDR/Fullard_Roussos_29945882/29945882_MOFC_NeuN+_22y_372.r0.pval0.01.300K.bfilt.narrowPeak.gzL2_0"
3.11955641326526,"MOFC",213,"/data/rusers/sheddn/LDR/Fullard_Roussos_29945882/29945882_MOFC_NeuN-_22y_372.r0.pval0.01.300K.bfilt.narrowPeak.gzL2_0"
0.345815243534516,"MOFC",214,"/data/rusers/sheddn/LDR/Fullard_Roussos_29945882/29945882_MOFC_NeuN+_22y_446.r0.pval0.01.300K.bfilt.narrowPeak.gzL2_0"
3.01468537399956,"MOFC",215,"/data/rusers/sheddn/LDR/Fullard_Roussos_29945882/29945882_MOFC_NeuN-_22y_446.r0.pval0.01.300K.bfilt.narrowPeak.gzL2_0"
0.927598536561782,"MOFC",216,"/data/rusers/sheddn/LDR/Fullard_Roussos_29945882/29945882_MOFC_NeuN+_28y_440.r0.pval0.01.300K.bfilt.narrowPeak.gzL2_0"
-2.4401221763721,"MOFC",217,"/data/rusers/sheddn/LDR/Fullard_Roussos_29945882/29945882_MOFC_NeuN-_28y_440.r0.pval0.01.300K.bfilt.narrowPeak.gzL2_0"
1.16310090703093,"MTG",218,"/data/rusers/sheddn/LDR/Corces_Montine_33106633/33106633_MTG_Mixed_Adult_10.rep1.pval0.01.300K.bfilt.narrowPeak.gzL2_0"
2.39136504594186,"MTG",219,"/data/rusers/sheddn/LDR/Corces_Montine_33106633/33106633_MTG_Mixed_Adult_10.rep2.pval0.01.300K.bfilt.narrowPeak.gzL2_0"
3.63083162672194,"MTG",220,"/data/rusers/sheddn/LDR/Corces_Montine_33106633/33106633_MTG_Mixed_Adult_11.rep1.pval0.01.300K.bfilt.narrowPeak.gzL2_0"
1.71146159808404,"MTG",221,"/data/rusers/sheddn/LDR/Corces_Montine_33106633/33106633_MTG_Mixed_Adult_11.rep2.pval0.01.300K.bfilt.narrowPeak.gzL2_0"
2.68533981911644,"MTG",222,"/data/rusers/sheddn/LDR/Corces_Montine_33106633/33106633_MTG_Mixed_Adult_12.rep1.pval0.01.300K.bfilt.narrowPeak.gzL2_0"
-0.505646774091033,"MTG",223,"/data/rusers/sheddn/LDR/Corces_Montine_33106633/33106633_MTG_Mixed_Adult_12.rep2.pval0.01.300K.bfilt.narrowPeak.gzL2_0"
4.15046399487107,"MTG",224,"/data/rusers/sheddn/LDR/Corces_Montine_33106633/33106633_MTG_Mixed_Adult_1.rep1.pval0.01.300K.bfilt.narrowPeak.gzL2_0"
2.87644710733161,"MTG",225,"/data/rusers/sheddn/LDR/Corces_Montine_33106633/33106633_MTG_Mixed_Adult_1.rep2.pval0.01.300K.bfilt.narrowPeak.gzL2_0"
0.993228709058465,"MTG",226,"/data/rusers/sheddn/LDR/Corces_Montine_33106633/33106633_MTG_Mixed_Adult_2.rep1.pval0.01.300K.bfilt.narrowPeak.gzL2_0"
3.60679764525197,"MTG",227,"/data/rusers/sheddn/LDR/Corces_Montine_33106633/33106633_MTG_Mixed_Adult_2.rep2.pval0.01.300K.bfilt.narrowPeak.gzL2_0"
0.712091327677448,"MTG",228,"/data/rusers/sheddn/LDR/Corces_Montine_33106633/33106633_MTG_Mixed_Adult_3.rep1.pval0.01.300K.bfilt.narrowPeak.gzL2_0"
0.177931955386141,"MTG",229,"/data/rusers/sheddn/LDR/Corces_Montine_33106633/33106633_MTG_Mixed_Adult_3.rep2.pval0.01.300K.bfilt.narrowPeak.gzL2_0"
1.24826156224187,"MTG",230,"/data/rusers/sheddn/LDR/Corces_Montine_33106633/33106633_MTG_Mixed_Adult_4.rep1.pval0.01.300K.bfilt.narrowPeak.gzL2_0"
3.07421514159336,"MTG",231,"/data/rusers/sheddn/LDR/Corces_Montine_33106633/33106633_MTG_Mixed_Adult_4.rep2.pval0.01.300K.bfilt.narrowPeak.gzL2_0"
0.420938672244187,"MTG",232,"/data/rusers/sheddn/LDR/Corces_Montine_33106633/33106633_MTG_Mixed_Adult_4.rep3.pval0.01.300K.bfilt.narrowPeak.gzL2_0"
5.27524443143872,"MTG",233,"/data/rusers/sheddn/LDR/Corces_Montine_33106633/33106633_MTG_Mixed_Adult_5.rep1.pval0.01.300K.bfilt.narrowPeak.gzL2_0"
4.59446257942468,"MTG",234,"/data/rusers/sheddn/LDR/Corces_Montine_33106633/33106633_MTG_Mixed_Adult_5.rep2.pval0.01.300K.bfilt.narrowPeak.gzL2_0"
4.51478112771462,"MTG",235,"/data/rusers/sheddn/LDR/Corces_Montine_33106633/33106633_MTG_Mixed_Adult_6.rep1.pval0.01.300K.bfilt.narrowPeak.gzL2_0"
3.65407477969222,"MTG",236,"/data/rusers/sheddn/LDR/Corces_Montine_33106633/33106633_MTG_Mixed_Adult_6.rep2.pval0.01.300K.bfilt.narrowPeak.gzL2_0"
3.05155005779841,"MTG",237,"/data/rusers/sheddn/LDR/Corces_Montine_33106633/33106633_MTG_Mixed_Adult_7.rep1.pval0.01.300K.bfilt.narrowPeak.gzL2_0"
5.34177520220938,"MTG",238,"/data/rusers/sheddn/LDR/Corces_Montine_33106633/33106633_MTG_Mixed_Adult_7.rep2.pval0.01.300K.bfilt.narrowPeak.gzL2_0"
3.70824928063244,"MTG",239,"/data/rusers/sheddn/LDR/Corces_Montine_33106633/33106633_MTG_Mixed_Adult_8.rep1.pval0.01.300K.bfilt.narrowPeak.gzL2_0"
3.29942572059818,"MTG",240,"/data/rusers/sheddn/LDR/Corces_Montine_33106633/33106633_MTG_Mixed_Adult_8.rep2.pval0.01.300K.bfilt.narrowPeak.gzL2_0"
0.881229000006315,"MTG",241,"/data/rusers/sheddn/LDR/Corces_Montine_33106633/33106633_MTG_Mixed_Adult_9.rep1.pval0.01.300K.bfilt.narrowPeak.gzL2_0"
7.3094284751181,"MTG",242,"/data/rusers/sheddn/LDR/Corces_Montine_33106633/33106633_MTG_Mixed_Adult_9.rep2.pval0.01.300K.bfilt.narrowPeak.gzL2_0"
1.6776159147593,"NA",243,"/data/rusers/sheddn/LDR/Fullard_Roussos_29945882/29945882_NA_NeuN+_22y_372.r0.pval0.01.300K.bfilt.narrowPeak.gzL2_0"
4.00615159290878,"NA",244,"/data/rusers/sheddn/LDR/Fullard_Roussos_29945882/29945882_NA_NeuN-_22y_372.r0.pval0.01.300K.bfilt.narrowPeak.gzL2_0"
-4.61637592192289,"NAcc",245,"/data/rusers/sheddn/LDR/Rizzardi_Feinberg_30643296/30643296_NAcc_NeuN+_Adult_5343.r0.pval0.01.300K.bfilt.narrowPeak.gzL2_0"
-2.51196048335182,"NAcc",246,"/data/rusers/sheddn/LDR/Rizzardi_Feinberg_30643296/30643296_NAcc_NeuN-_Adult_5343.r0.pval0.01.300K.bfilt.narrowPeak.gzL2_0"
-1.30282650606664,"NAcc",247,"/data/rusers/sheddn/LDR/Rizzardi_Feinberg_30643296/30643296_NAcc_NeuN+_Adult_5347.r0.pval0.01.300K.bfilt.narrowPeak.gzL2_0"
-2.47694681855174,"NAcc",248,"/data/rusers/sheddn/LDR/Rizzardi_Feinberg_30643296/30643296_NAcc_NeuN-_Adult_5347.r0.pval0.01.300K.bfilt.narrowPeak.gzL2_0"
-0.247054145726255,"NAcc",249,"/data/rusers/sheddn/LDR/Rizzardi_Feinberg_30643296/30643296_NAcc_NeuN+_Adult_5358.r0.pval0.01.300K.bfilt.narrowPeak.gzL2_0"
-4.46826710306201,"NAcc",250,"/data/rusers/sheddn/LDR/Rizzardi_Feinberg_30643296/30643296_NAcc_NeuN-_Adult_5358.r0.pval0.01.300K.bfilt.narrowPeak.gzL2_0"
-1.09809845933553,"NAcc",251,"/data/rusers/sheddn/LDR/Rizzardi_Feinberg_30643296/30643296_NAcc_NeuN-_Adult_5456.r0.pval0.01.300K.bfilt.narrowPeak.gzL2_0"
-6.65085521926544,"NAcc",252,"/data/rusers/sheddn/LDR/Rizzardi_Feinberg_30643296/30643296_NAcc_NeuN+_Adult_5540.r0.pval0.01.300K.bfilt.narrowPeak.gzL2_0"
-4.10942446586513,"NAcc",253,"/data/rusers/sheddn/LDR/Rizzardi_Feinberg_30643296/30643296_NAcc_NeuN-_Adult_5540.r0.pval0.01.300K.bfilt.narrowPeak.gzL2_0"
-1.84931630094737,"NAcc",254,"/data/rusers/sheddn/LDR/Rizzardi_Feinberg_30643296/30643296_NAcc_NeuN+_Adult_5546.r0.pval0.01.300K.bfilt.narrowPeak.gzL2_0"
-0.225892766016018,"Parietal",255,"/data/rusers/sheddn/LDR/NeuREs/NeuREs_Parietal_Mixed_GW20_GW20-120718.r0.pval0.01.300K.bfilt.narrowPeak.gzL2_0"
5.2639911580451,"PFC",256,"/data/rusers/sheddn/LDR/NeuREs/NeuREs_PFC_Mixed_GW20_GW20-120718.r0.pval0.01.300K.bfilt.narrowPeak.gzL2_0"
3.66804509661159,"PFC",257,"/data/rusers/sheddn/LDR/NeuREs/NeuREs_PFC_Mixed_GW34_Twin34-071318.r0.pval0.01.300K.bfilt.narrowPeak.gzL2_0"
0.199579489547541,"PFC",258,"/data/rusers/sheddn/LDR/PEC_BrainGVEX/BrainGVEX_PFC_Mixed_0_2016-1532_2016-2003-Unknown.rep1.pval0.01.300K.bfilt.narrowPeak.gzL2_0"
-6.02627466110481,"PFC",259,"/data/rusers/sheddn/LDR/PEC_BrainGVEX/BrainGVEX_PFC_Mixed__2015-1_2016-2316-SCZ.rep1.pval0.01.300K.bfilt.narrowPeak.gzL2_0"
0.946354889219476,"PFC",260,"/data/rusers/sheddn/LDR/PEC_BrainGVEX/BrainGVEX_PFC_Mixed_21_2016-895_2016-2146-BD.rep1.pval0.01.300K.bfilt.narrowPeak.gzL2_0"
4.24566659025779,"PFC",261,"/data/rusers/sheddn/LDR/PEC_BrainGVEX/BrainGVEX_PFC_Mixed_28_2015-46_2016-2251-SCZ.rep1.pval0.01.300K.bfilt.narrowPeak.gzL2_0"
-5.61841564196545,"PFC",262,"/data/rusers/sheddn/LDR/PEC_BrainGVEX/BrainGVEX_PFC_Mixed_28_2016-891_2016-2157-Norm.rep1.pval0.01.300K.bfilt.narrowPeak.gzL2_0"
-6.10771032735037,"PFC",263,"/data/rusers/sheddn/LDR/PEC_BrainGVEX/BrainGVEX_PFC_Mixed_31_2016-948_2016-2084-SCZ.rep1.pval0.01.300K.bfilt.narrowPeak.gzL2_0"
2.48381288872449,"PFC",264,"/data/rusers/sheddn/LDR/PEC_BrainGVEX/BrainGVEX_PFC_Mixed_31_2016-962_2016-2152-SCZ.rep1.pval0.01.300K.bfilt.narrowPeak.gzL2_0"
4.65311916709302,"PFC",265,"/data/rusers/sheddn/LDR/PEC_BrainGVEX/BrainGVEX_PFC_Mixed_32_2016-933_2016-2134-BD.rep1.pval0.01.300K.bfilt.narrowPeak.gzL2_0"
6.83107969947196,"PFC",266,"/data/rusers/sheddn/LDR/PEC_BrainGVEX/BrainGVEX_PFC_Mixed_34_2016-952_2016-2142-SCZ.rep1.pval0.01.300K.bfilt.narrowPeak.gzL2_0"
2.02296205980332,"PFC",267,"/data/rusers/sheddn/LDR/PEC_BrainGVEX/BrainGVEX_PFC_Mixed_35_2016-932_2016-2133-SCZ.rep1.pval0.01.300K.bfilt.narrowPeak.gzL2_0"
7.59283332567693,"PFC",268,"/data/rusers/sheddn/LDR/PEC_BrainGVEX/BrainGVEX_PFC_Mixed_35_2016-932_2016-2133-SCZ.rep2.pval0.01.300K.bfilt.narrowPeak.gzL2_0"
-4.37820931554562,"PFC",269,"/data/rusers/sheddn/LDR/PEC_BrainGVEX/BrainGVEX_PFC_Mixed_36_2016-935_2016-2136-BD.rep1.pval0.01.300K.bfilt.narrowPeak.gzL2_0"
-3.56416277878507,"PFC",270,"/data/rusers/sheddn/LDR/PEC_BrainGVEX/BrainGVEX_PFC_Mixed_36_2016-964_2016-2153-Norm.rep1.pval0.01.300K.bfilt.narrowPeak.gzL2_0"
1.73285805694192,"PFC",271,"/data/rusers/sheddn/LDR/PEC_BrainGVEX/BrainGVEX_PFC_Mixed_37_2016-931_2016-2076-BD.rep1.pval0.01.300K.bfilt.narrowPeak.gzL2_0"
5.57986324322245,"PFC",272,"/data/rusers/sheddn/LDR/PEC_BrainGVEX/BrainGVEX_PFC_Mixed_38_2015-483_2016-1757-Norm.rep1.pval0.01.300K.bfilt.narrowPeak.gzL2_0"
-0.206121017168524,"PFC",273,"/data/rusers/sheddn/LDR/PEC_BrainGVEX/BrainGVEX_PFC_Mixed_43_2016-946_2016-2082-SCZ.rep1.pval0.01.300K.bfilt.narrowPeak.gzL2_0"
-0.900496141567985,"PFC",274,"/data/rusers/sheddn/LDR/PEC_BrainGVEX/BrainGVEX_PFC_Mixed_44_2015-858_2016-2284-BD.rep1.pval0.01.300K.bfilt.narrowPeak.gzL2_0"
-0.563912191497462,"PFC",275,"/data/rusers/sheddn/LDR/PEC_BrainGVEX/BrainGVEX_PFC_Mixed_44_2016-937_2016-2138-SCZ.rep1.pval0.01.300K.bfilt.narrowPeak.gzL2_0"
5.40325479622093,"PFC",276,"/data/rusers/sheddn/LDR/PEC_BrainGVEX/BrainGVEX_PFC_Mixed_45_2016-963_2016-2267-SCZ.rep1.pval0.01.300K.bfilt.narrowPeak.gzL2_0"
1.77654500328592,"PFC",277,"/data/rusers/sheddn/LDR/PEC_BrainGVEX/BrainGVEX_PFC_Mixed_46_2015-22_2016-2281-SCZ.rep1.pval0.01.300K.bfilt.narrowPeak.gzL2_0"
12.7754177980917,"PFC",278,"/data/rusers/sheddn/LDR/PEC_BrainGVEX/BrainGVEX_PFC_Mixed_46_2015-897_2016-2274-SCZ.rep1.pval0.01.300K.bfilt.narrowPeak.gzL2_0"
-4.43308186949144,"PFC",279,"/data/rusers/sheddn/LDR/PEC_BrainGVEX/BrainGVEX_PFC_Mixed_46_2016-889_2016-2155-BD.rep1.pval0.01.300K.bfilt.narrowPeak.gzL2_0"
0.0519684307343065,"PFC",280,"/data/rusers/sheddn/LDR/PEC_BrainGVEX/BrainGVEX_PFC_Mixed_46_2016-939_2016-2162-SCZ.rep1.pval0.01.300K.bfilt.narrowPeak.gzL2_0"
3.59354834622404,"PFC",281,"/data/rusers/sheddn/LDR/PEC_BrainGVEX/BrainGVEX_PFC_Mixed_47_2016-894_2016-2160-SCZ.rep1.pval0.01.300K.bfilt.narrowPeak.gzL2_0"
-1.78084967580571,"PFC",282,"/data/rusers/sheddn/LDR/PEC_BrainGVEX/BrainGVEX_PFC_Mixed_47_2016-945_2016-2081-SCZ.rep1.pval0.01.300K.bfilt.narrowPeak.gzL2_0"
4.08189011175577,"PFC",283,"/data/rusers/sheddn/LDR/PEC_BrainGVEX/BrainGVEX_PFC_Mixed_48_2015-17_2016-2278-Norm.rep1.pval0.01.300K.bfilt.narrowPeak.gzL2_0"
-1.5201355170012,"PFC",284,"/data/rusers/sheddn/LDR/PEC_BrainGVEX/BrainGVEX_PFC_Mixed_48_2016-925_2016-2070-BD.rep1.pval0.01.300K.bfilt.narrowPeak.gzL2_0"
-0.348029268716198,"PFC",285,"/data/rusers/sheddn/LDR/PEC_BrainGVEX/BrainGVEX_PFC_Mixed_49_2015-3_2016-2291-BD.rep1.pval0.01.300K.bfilt.narrowPeak.gzL2_0"
-5.71691781780864,"PFC",286,"/data/rusers/sheddn/LDR/PEC_BrainGVEX/BrainGVEX_PFC_Mixed_52_2014-2625_2016-2290-SCZ.rep1.pval0.01.300K.bfilt.narrowPeak.gzL2_0"
-0.992500549746434,"PFC",287,"/data/rusers/sheddn/LDR/PEC_BrainGVEX/BrainGVEX_PFC_Mixed_52_2016-923_2016-2269-BD.rep1.pval0.01.300K.bfilt.narrowPeak.gzL2_0"
2.33539134223031,"PFC",288,"/data/rusers/sheddn/LDR/PEC_BrainGVEX/BrainGVEX_PFC_Mixed_53_2015-739_2016-1984-Norm.rep1.pval0.01.300K.bfilt.narrowPeak.gzL2_0"
-3.52993169029588,"PFC",289,"/data/rusers/sheddn/LDR/PEC_BrainGVEX/BrainGVEX_PFC_Mixed_53_2015-854_2016-2252-BD.rep1.pval0.01.300K.bfilt.narrowPeak.gzL2_0"
3.24906507343718,"PFC",290,"/data/rusers/sheddn/LDR/PEC_BrainGVEX/BrainGVEX_PFC_Mixed_53_2016-934_2016-2135-Norm.rep1.pval0.01.300K.bfilt.narrowPeak.gzL2_0"
1.96844356190282,"PFC",291,"/data/rusers/sheddn/LDR/PEC_BrainGVEX/BrainGVEX_PFC_Mixed_53_2016-954_2016-2144-SCZ.rep1.pval0.01.300K.bfilt.narrowPeak.gzL2_0"
5.04289240435362,"PFC",292,"/data/rusers/sheddn/LDR/PEC_BrainGVEX/BrainGVEX_PFC_Mixed_53_2016-957_2016-2148-SCZ.rep1.pval0.01.300K.bfilt.narrowPeak.gzL2_0"
2.32887864330328,"PFC",293,"/data/rusers/sheddn/LDR/PEC_BrainGVEX/BrainGVEX_PFC_Mixed_53_2016-965_2016-2268-Norm.rep1.pval0.01.300K.bfilt.narrowPeak.gzL2_0"
4.51934149761189,"PFC",294,"/data/rusers/sheddn/LDR/PEC_BrainGVEX/BrainGVEX_PFC_Mixed_54_2015-863_2016-2262-Norm.rep1.pval0.01.300K.bfilt.narrowPeak.gzL2_0"
-1.88994465817327,"PFC",295,"/data/rusers/sheddn/LDR/PEC_BrainGVEX/BrainGVEX_PFC_Mixed_54_2016-926_2016-2071-Norm.rep1.pval0.01.300K.bfilt.narrowPeak.gzL2_0"
-6.36618980441601,"PFC",296,"/data/rusers/sheddn/LDR/PEC_BrainGVEX/BrainGVEX_PFC_Mixed_55_2014-2624_2016-2282-BD.rep1.pval0.01.300K.bfilt.narrowPeak.gzL2_0"
4.19065381528824,"PFC",297,"/data/rusers/sheddn/LDR/PEC_BrainGVEX/BrainGVEX_PFC_Mixed_56_2015-8_2016-2320-BD.rep1.pval0.01.300K.bfilt.narrowPeak.gzL2_0"
-3.50263825833639,"PFC",298,"/data/rusers/sheddn/LDR/PEC_BrainGVEX/BrainGVEX_PFC_Mixed_57_2015-895_2016-2272-Norm.rep1.pval0.01.300K.bfilt.narrowPeak.gzL2_0"
1.00488537099039,"PFC",299,"/data/rusers/sheddn/LDR/PEC_BrainGVEX/BrainGVEX_PFC_Mixed_57_2015-896_2016-2273-Norm.rep1.pval0.01.300K.bfilt.narrowPeak.gzL2_0"
4.04310396544962,"PFC",300,"/data/rusers/sheddn/LDR/PEC_BrainGVEX/BrainGVEX_PFC_Mixed_63_2015-1406_2016-1829-Norm.rep1.pval0.01.300K.bfilt.narrowPeak.gzL2_0"
1.72310805911965,"PFC",301,"/data/rusers/sheddn/LDR/PEC_BrainGVEX/BrainGVEX_PFC_Mixed_63_2015-1433_2016-1999-Norm.rep1.pval0.01.300K.bfilt.narrowPeak.gzL2_0"
4.18635904101537,"PFC",302,"/data/rusers/sheddn/LDR/PEC_BrainGVEX/BrainGVEX_PFC_Mixed_63_2015-735_2016-1990-Norm.rep1.pval0.01.300K.bfilt.narrowPeak.gzL2_0"
-2.10674571133275,"PFC",303,"/data/rusers/sheddn/LDR/PEC_BrainGVEX/BrainGVEX_PFC_Mixed_63_2015-893_2016-2263-Norm.rep1.pval0.01.300K.bfilt.narrowPeak.gzL2_0"
3.3770165126518,"PFC",304,"/data/rusers/sheddn/LDR/PEC_BrainGVEX/BrainGVEX_PFC_Mixed_66_2015-480_2016-1928-Norm.rep1.pval0.01.300K.bfilt.narrowPeak.gzL2_0"
2.86159824751684,"PFC",305,"/data/rusers/sheddn/LDR/PEC_BrainGVEX/BrainGVEX_PFC_Mixed_68_2015-923_2016-1827-Norm.rep1.pval0.01.300K.bfilt.narrowPeak.gzL2_0"
-3.22476382109195,"PFC",306,"/data/rusers/sheddn/LDR/PEC_BrainGVEX/BrainGVEX_PFC_Mixed_69_2015-1434_2016-1992-Norm.rep1.pval0.01.300K.bfilt.narrowPeak.gzL2_0"
0.889997566939839,"PFC",307,"/data/rusers/sheddn/LDR/PEC_BrainGVEX/BrainGVEX_PFC_Mixed_70_2015-245_2015-465-Norm.rep1.pval0.01.300K.bfilt.narrowPeak.gzL2_0"
6.03421419080794,"PFC",308,"/data/rusers/sheddn/LDR/PEC_BrainGVEX/BrainGVEX_PFC_Mixed_70_2015-736_2016-1927-Norm.rep1.pval0.01.300K.bfilt.narrowPeak.gzL2_0"
-2.74282674327136,"PFC",309,"/data/rusers/sheddn/LDR/PEC_BrainGVEX/BrainGVEX_PFC_Mixed_71_2015-482_2016-1828-Norm.rep1.pval0.01.300K.bfilt.narrowPeak.gzL2_0"
-0.0612201333615189,"PFC",310,"/data/rusers/sheddn/LDR/PEC_BrainGVEX/BrainGVEX_PFC_Mixed_72_2015-251_2016-835-Norm.rep1.pval0.01.300K.bfilt.narrowPeak.gzL2_0"
-3.94580970602362,"PFC",311,"/data/rusers/sheddn/LDR/PEC_BrainGVEX/BrainGVEX_PFC_Mixed_72_2015-251_2016-838-Norm.rep1.pval0.01.300K.bfilt.narrowPeak.gzL2_0"
3.07017582154596,"PFC",312,"/data/rusers/sheddn/LDR/PEC_BrainGVEX/BrainGVEX_PFC_Mixed_73_2015-1474_2016-1646-Norm.rep1.pval0.01.300K.bfilt.narrowPeak.gzL2_0"
-8.48183961987884,"PFC",313,"/data/rusers/sheddn/LDR/PEC_BrainGVEX/BrainGVEX_PFC_Mixed_73_2015-1513_2016-1943-Norm.rep1.pval0.01.300K.bfilt.narrowPeak.gzL2_0"
4.72893540210955,"PFC",314,"/data/rusers/sheddn/LDR/PEC_BrainGVEX/BrainGVEX_PFC_Mixed_74_2015-1554_2016-1994-Norm.rep1.pval0.01.300K.bfilt.narrowPeak.gzL2_0"
6.47762324358523,"PFC",315,"/data/rusers/sheddn/LDR/PEC_BrainGVEX/BrainGVEX_PFC_Mixed_74_2015-243_2016-901-Norm.rep1.pval0.01.300K.bfilt.narrowPeak.gzL2_0"
4.63046838570874,"PFC",316,"/data/rusers/sheddn/LDR/PEC_BrainGVEX/BrainGVEX_PFC_Mixed_74_2015-772_2016-1845-Norm.rep1.pval0.01.300K.bfilt.narrowPeak.gzL2_0"
2.88185366072867,"PFC",317,"/data/rusers/sheddn/LDR/PEC_BrainGVEX/BrainGVEX_PFC_Mixed_75_2014-2196_2016-1923-Norm.rep1.pval0.01.300K.bfilt.narrowPeak.gzL2_0"
1.76193979407945,"PFC",318,"/data/rusers/sheddn/LDR/PEC_BrainGVEX/BrainGVEX_PFC_Mixed_75_2015-1432_2016-1983-Norm.rep1.pval0.01.300K.bfilt.narrowPeak.gzL2_0"
-2.189508311986,"PFC",319,"/data/rusers/sheddn/LDR/PEC_BrainGVEX/BrainGVEX_PFC_Mixed_75_2015-481_2016-1929-Norm.rep1.pval0.01.300K.bfilt.narrowPeak.gzL2_0"
7.15227566797564,"PFC",320,"/data/rusers/sheddn/LDR/PEC_BrainGVEX/BrainGVEX_PFC_Mixed_75_2015-813_2016-2007-Norm.rep1.pval0.01.300K.bfilt.narrowPeak.gzL2_0"
1.20111761684686,"PFC",321,"/data/rusers/sheddn/LDR/PEC_BrainGVEX/BrainGVEX_PFC_Mixed_76_2014-2198_2016-1768-Norm.rep1.pval0.01.300K.bfilt.narrowPeak.gzL2_0"
1.40489400400468,"PFC",322,"/data/rusers/sheddn/LDR/PEC_BrainGVEX/BrainGVEX_PFC_Mixed_76_2015-1397_2016-1985-Norm.rep1.pval0.01.300K.bfilt.narrowPeak.gzL2_0"
1.01702436142328,"PFC",323,"/data/rusers/sheddn/LDR/PEC_BrainGVEX/BrainGVEX_PFC_Mixed_76_2015-1398_2016-1991-Norm.rep1.pval0.01.300K.bfilt.narrowPeak.gzL2_0"
-0.600274954485746,"PFC",324,"/data/rusers/sheddn/LDR/PEC_BrainGVEX/BrainGVEX_PFC_Mixed_76_2015-280_2016-1982-Norm.rep1.pval0.01.300K.bfilt.narrowPeak.gzL2_0"
-0.00947141905786756,"PFC",325,"/data/rusers/sheddn/LDR/PEC_BrainGVEX/BrainGVEX_PFC_Mixed_76_2015-286_2016-1824-Norm.rep1.pval0.01.300K.bfilt.narrowPeak.gzL2_0"
3.94300937718696,"PFC",326,"/data/rusers/sheddn/LDR/PEC_BrainGVEX/BrainGVEX_PFC_Mixed_76_2015-287_2015-1713-Norm.rep1.pval0.01.300K.bfilt.narrowPeak.gzL2_0"
0.769163540800194,"PFC",327,"/data/rusers/sheddn/LDR/PEC_BrainGVEX/BrainGVEX_PFC_Mixed_76_2015-509_2016-1837-Norm.rep1.pval0.01.300K.bfilt.narrowPeak.gzL2_0"
0.889451066624184,"PFC",328,"/data/rusers/sheddn/LDR/PEC_BrainGVEX/BrainGVEX_PFC_Mixed_77_2015-1431_2016-1926-Norm.rep1.pval0.01.300K.bfilt.narrowPeak.gzL2_0"
5.78883441622693,"PFC",329,"/data/rusers/sheddn/LDR/PEC_BrainGVEX/BrainGVEX_PFC_Mixed_77_2015-520_2016-1937-Norm.rep1.pval0.01.300K.bfilt.narrowPeak.gzL2_0"
-1.5474395420304,"PFC",330,"/data/rusers/sheddn/LDR/PEC_BrainGVEX/BrainGVEX_PFC_Mixed_77_2015-803_2016-1039-Norm.rep1.pval0.01.300K.bfilt.narrowPeak.gzL2_0"
2.16610542329402,"PFC",331,"/data/rusers/sheddn/LDR/PEC_BrainGVEX/BrainGVEX_PFC_Mixed_77_2015-803_2016-1039-Norm.rep2.pval0.01.300K.bfilt.narrowPeak.gzL2_0"
1.32770009467227,"PFC",332,"/data/rusers/sheddn/LDR/PEC_BrainGVEX/BrainGVEX_PFC_Mixed_77_2015-902_2016-1925-Norm.rep1.pval0.01.300K.bfilt.narrowPeak.gzL2_0"
-0.444224399980371,"PFC",333,"/data/rusers/sheddn/LDR/PEC_BrainGVEX/BrainGVEX_PFC_Mixed_78_2015-1469_2016-1663-Norm.rep1.pval0.01.300K.bfilt.narrowPeak.gzL2_0"
-1.21227985944022,"PFC",334,"/data/rusers/sheddn/LDR/PEC_BrainGVEX/BrainGVEX_PFC_Mixed_78_2015-1478_2015-3386-Norm.rep1.pval0.01.300K.bfilt.narrowPeak.gzL2_0"
1.46349667133469,"PFC",335,"/data/rusers/sheddn/LDR/PEC_BrainGVEX/BrainGVEX_PFC_Mixed_78_2015-1506_2016-1934-Norm.rep1.pval0.01.300K.bfilt.narrowPeak.gzL2_0"
1.34342727804677,"PFC",336,"/data/rusers/sheddn/LDR/PEC_BrainGVEX/BrainGVEX_PFC_Mixed_78_2015-1507_2016-1936-Norm.rep1.pval0.01.300K.bfilt.narrowPeak.gzL2_0"
-3.76179819693443,"PFC",337,"/data/rusers/sheddn/LDR/PEC_BrainGVEX/BrainGVEX_PFC_Mixed_78_2015-246_2016-1932-Norm.rep1.pval0.01.300K.bfilt.narrowPeak.gzL2_0"
1.75590598990612,"PFC",338,"/data/rusers/sheddn/LDR/PEC_BrainGVEX/BrainGVEX_PFC_Mixed_78_2015-249_2016-1834-Norm.rep1.pval0.01.300K.bfilt.narrowPeak.gzL2_0"
4.22282441256842,"PFC",339,"/data/rusers/sheddn/LDR/PEC_BrainGVEX/BrainGVEX_PFC_Mixed_78_2015-774_2016-1848-Norm.rep1.pval0.01.300K.bfilt.narrowPeak.gzL2_0"
-1.52128666786142,"PFC",340,"/data/rusers/sheddn/LDR/PEC_BrainGVEX/BrainGVEX_PFC_Mixed_78_2015-921_2016-2009-Norm.rep1.pval0.01.300K.bfilt.narrowPeak.gzL2_0"
4.6683691643373,"PFC",341,"/data/rusers/sheddn/LDR/PEC_BrainGVEX/BrainGVEX_PFC_Mixed_79_2015-1399_2016-1935-Norm.rep1.pval0.01.300K.bfilt.narrowPeak.gzL2_0"
0.879230570006976,"PFC",342,"/data/rusers/sheddn/LDR/PEC_BrainGVEX/BrainGVEX_PFC_Mixed_79_2015-1402_2016-2065-Norm.rep1.pval0.01.300K.bfilt.narrowPeak.gzL2_0"
1.91002469615253,"PFC",343,"/data/rusers/sheddn/LDR/PEC_BrainGVEX/BrainGVEX_PFC_Mixed_79_2015-512_2016-1939-Norm.rep1.pval0.01.300K.bfilt.narrowPeak.gzL2_0"
-1.7911811097202,"PFC",344,"/data/rusers/sheddn/LDR/PEC_BrainGVEX/BrainGVEX_PFC_Mixed_80_2015-1436_2016-1636-Norm.rep1.pval0.01.300K.bfilt.narrowPeak.gzL2_0"
-1.83090334220555,"PFC",345,"/data/rusers/sheddn/LDR/PEC_BrainGVEX/BrainGVEX_PFC_Mixed_80_2015-1558_2016-1641-Norm.rep1.pval0.01.300K.bfilt.narrowPeak.gzL2_0"
-4.92827397075779,"PFC",346,"/data/rusers/sheddn/LDR/PEC_BrainGVEX/BrainGVEX_PFC_Mixed_80_2015-1558_2016-1641-Norm.rep2.pval0.01.300K.bfilt.narrowPeak.gzL2_0"
2.83755352100741,"PFC",347,"/data/rusers/sheddn/LDR/PEC_BrainGVEX/BrainGVEX_PFC_Mixed_80_2015-244_2016-899-Norm.rep1.pval0.01.300K.bfilt.narrowPeak.gzL2_0"
-0.186800618868106,"PFC",348,"/data/rusers/sheddn/LDR/PEC_BrainGVEX/BrainGVEX_PFC_Mixed_80_2015-244_2016-899-Norm.rep2.pval0.01.300K.bfilt.narrowPeak.gzL2_0"
1.5897791947878,"PFC",349,"/data/rusers/sheddn/LDR/PEC_BrainGVEX/BrainGVEX_PFC_Mixed_80_2015-281_2016-1761-Norm.rep1.pval0.01.300K.bfilt.narrowPeak.gzL2_0"
-7.13767899070005,"PFC",350,"/data/rusers/sheddn/LDR/PEC_BrainGVEX/BrainGVEX_PFC_Mixed_80_2015-777_2016-1819-Norm.rep1.pval0.01.300K.bfilt.narrowPeak.gzL2_0"
0.432124411312417,"PFC",351,"/data/rusers/sheddn/LDR/PEC_BrainGVEX/BrainGVEX_PFC_Mixed_80_2015-916_2016-1540-Norm.rep1.pval0.01.300K.bfilt.narrowPeak.gzL2_0"
7.79464667807021,"PFC",352,"/data/rusers/sheddn/LDR/PEC_BrainGVEX/BrainGVEX_PFC_Mixed_81_2015-1467_2016-1941-Norm.rep1.pval0.01.300K.bfilt.narrowPeak.gzL2_0"
-2.77556669210108,"PFC",353,"/data/rusers/sheddn/LDR/PEC_BrainGVEX/BrainGVEX_PFC_Mixed_81_2015-283_2016-1997-Norm.rep1.pval0.01.300K.bfilt.narrowPeak.gzL2_0"
0.0352396176186505,"PFC",354,"/data/rusers/sheddn/LDR/PEC_BrainGVEX/BrainGVEX_PFC_Mixed_81_2015-283_2016-839-Norm.rep1.pval0.01.300K.bfilt.narrowPeak.gzL2_0"
1.58163373601337,"PFC",355,"/data/rusers/sheddn/LDR/PEC_BrainGVEX/BrainGVEX_PFC_Mixed_81_2015-283_2016-839-Norm.rep2.pval0.01.300K.bfilt.narrowPeak.gzL2_0"
4.05762952441756,"PFC",356,"/data/rusers/sheddn/LDR/PEC_BrainGVEX/BrainGVEX_PFC_Mixed_81_2015-355_2016-2064-Norm.rep1.pval0.01.300K.bfilt.narrowPeak.gzL2_0"
7.79659760823543,"PFC",357,"/data/rusers/sheddn/LDR/PEC_BrainGVEX/BrainGVEX_PFC_Mixed_82_2014-2194_2016-1656-Norm.rep1.pval0.01.300K.bfilt.narrowPeak.gzL2_0"
0.48710309432064,"PFC",358,"/data/rusers/sheddn/LDR/PEC_BrainGVEX/BrainGVEX_PFC_Mixed_82_2015-1335_2016-1535-Norm.rep1.pval0.01.300K.bfilt.narrowPeak.gzL2_0"
1.02507916062611,"PFC",359,"/data/rusers/sheddn/LDR/PEC_BrainGVEX/BrainGVEX_PFC_Mixed_82_2015-1401_2016-2063-Norm.rep1.pval0.01.300K.bfilt.narrowPeak.gzL2_0"
3.22151288228655,"PFC",360,"/data/rusers/sheddn/LDR/PEC_BrainGVEX/BrainGVEX_PFC_Mixed_82_2015-1534_2016-1996-Norm.rep1.pval0.01.300K.bfilt.narrowPeak.gzL2_0"
1.52110270476574,"PFC",361,"/data/rusers/sheddn/LDR/PEC_BrainGVEX/BrainGVEX_PFC_Mixed_82_2015-1537_2016-1833-Norm.rep1.pval0.01.300K.bfilt.narrowPeak.gzL2_0"
-4.44111080210702,"PFC",362,"/data/rusers/sheddn/LDR/PEC_BrainGVEX/BrainGVEX_PFC_Mixed_82_2015-1539_2016-1933-Norm.rep1.pval0.01.300K.bfilt.narrowPeak.gzL2_0"
9.91934350972119,"PFC",363,"/data/rusers/sheddn/LDR/PEC_BrainGVEX/BrainGVEX_PFC_Mixed_82_2015-353_2016-1949-Norm.rep1.pval0.01.300K.bfilt.narrowPeak.gzL2_0"
5.15058581186901,"PFC",364,"/data/rusers/sheddn/LDR/PEC_BrainGVEX/BrainGVEX_PFC_Mixed_82_2015-770_2016-1637-Norm.rep1.pval0.01.300K.bfilt.narrowPeak.gzL2_0"
2.24292019630598,"PFC",365,"/data/rusers/sheddn/LDR/PEC_BrainGVEX/BrainGVEX_PFC_Mixed_82_2015-804_2016-1644-Norm.rep1.pval0.01.300K.bfilt.narrowPeak.gzL2_0"
1.50140896139188,"PFC",366,"/data/rusers/sheddn/LDR/PEC_BrainGVEX/BrainGVEX_PFC_Mixed_83_2015-1428_2015-3381-Norm.rep1.pval0.01.300K.bfilt.narrowPeak.gzL2_0"
4.56328875190054,"PFC",367,"/data/rusers/sheddn/LDR/PEC_BrainGVEX/BrainGVEX_PFC_Mixed_83_2015-1503_2016-1998-Norm.rep1.pval0.01.300K.bfilt.narrowPeak.gzL2_0"
8.74200973153945,"PFC",368,"/data/rusers/sheddn/LDR/PEC_BrainGVEX/BrainGVEX_PFC_Mixed_83_2015-1557_2016-1543-Norm.rep1.pval0.01.300K.bfilt.narrowPeak.gzL2_0"
1.88738470717669,"PFC",369,"/data/rusers/sheddn/LDR/PEC_BrainGVEX/BrainGVEX_PFC_Mixed_83_2015-351_2016-1839-Norm.rep1.pval0.01.300K.bfilt.narrowPeak.gzL2_0"
3.5528944181331,"PFC",370,"/data/rusers/sheddn/LDR/PEC_BrainGVEX/BrainGVEX_PFC_Mixed_83_2015-511_2016-1944-Norm.rep1.pval0.01.300K.bfilt.narrowPeak.gzL2_0"
3.71615179843683,"PFC",371,"/data/rusers/sheddn/LDR/PEC_BrainGVEX/BrainGVEX_PFC_Mixed_83_2015-812_2016-1536-Norm.rep1.pval0.01.300K.bfilt.narrowPeak.gzL2_0"
-1.52158907534102,"PFC",372,"/data/rusers/sheddn/LDR/PEC_BrainGVEX/BrainGVEX_PFC_Mixed_84_2015-1338_2016-2008-Norm.rep1.pval0.01.300K.bfilt.narrowPeak.gzL2_0"
-1.77821619014451,"PFC",373,"/data/rusers/sheddn/LDR/PEC_BrainGVEX/BrainGVEX_PFC_Mixed_84_2015-1405_2016-837-Norm.rep1.pval0.01.300K.bfilt.narrowPeak.gzL2_0"
1.43589968792411,"PFC",374,"/data/rusers/sheddn/LDR/PEC_BrainGVEX/BrainGVEX_PFC_Mixed_84_2015-1405_2016-837-Norm.rep2.pval0.01.300K.bfilt.narrowPeak.gzL2_0"
-2.88459376499037,"PFC",375,"/data/rusers/sheddn/LDR/PEC_BrainGVEX/BrainGVEX_PFC_Mixed_84_2015-1429_2016-1657-Norm.rep1.pval0.01.300K.bfilt.narrowPeak.gzL2_0"
2.44086916707555,"PFC",376,"/data/rusers/sheddn/LDR/PEC_BrainGVEX/BrainGVEX_PFC_Mixed_84_2015-1448_2016-1950-Norm.rep1.pval0.01.300K.bfilt.narrowPeak.gzL2_0"
-0.728596141125968,"PFC",377,"/data/rusers/sheddn/LDR/PEC_BrainGVEX/BrainGVEX_PFC_Mixed_84_2015-1555_2016-1986-Norm.rep1.pval0.01.300K.bfilt.narrowPeak.gzL2_0"
-0.899769653919626,"PFC",378,"/data/rusers/sheddn/LDR/PEC_BrainGVEX/BrainGVEX_PFC_Mixed_84_2015-1555_2016-1986-Norm.rep2.pval0.01.300K.bfilt.narrowPeak.gzL2_0"
-1.91370013271064,"PFC",379,"/data/rusers/sheddn/LDR/PEC_BrainGVEX/BrainGVEX_PFC_Mixed_84_2015-354_2016-1995-Norm.rep1.pval0.01.300K.bfilt.narrowPeak.gzL2_0"
1.8628753176153,"PFC",380,"/data/rusers/sheddn/LDR/PEC_BrainGVEX/BrainGVEX_PFC_Mixed_84_2015-516_2016-1931-Norm.rep1.pval0.01.300K.bfilt.narrowPeak.gzL2_0"
-2.19100421784765,"PFC",381,"/data/rusers/sheddn/LDR/PEC_BrainGVEX/BrainGVEX_PFC_Mixed_84_2015-519_2016-1665-Norm.rep1.pval0.01.300K.bfilt.narrowPeak.gzL2_0"
-1.7277213807213,"PFC",382,"/data/rusers/sheddn/LDR/PEC_BrainGVEX/BrainGVEX_PFC_Mixed_84_2015-768_2016-1832-Norm.rep1.pval0.01.300K.bfilt.narrowPeak.gzL2_0"
8.61386872505478,"PFC",383,"/data/rusers/sheddn/LDR/PEC_BrainGVEX/BrainGVEX_PFC_Mixed_85_2015-1427_2016-1660-Norm.rep1.pval0.01.300K.bfilt.narrowPeak.gzL2_0"
0.205575046904281,"PFC",384,"/data/rusers/sheddn/LDR/PEC_BrainGVEX/BrainGVEX_PFC_Mixed_85_2015-1451_2016-1822-Norm.rep1.pval0.01.300K.bfilt.narrowPeak.gzL2_0"
-1.60411396566335,"PFC",385,"/data/rusers/sheddn/LDR/PEC_BrainGVEX/BrainGVEX_PFC_Mixed_85_2015-1510_2016-2004-Norm.rep1.pval0.01.300K.bfilt.narrowPeak.gzL2_0"
10.193988052968,"PFC",386,"/data/rusers/sheddn/LDR/PEC_BrainGVEX/BrainGVEX_PFC_Mixed_85_2015-1535_2016-1844-Norm.rep1.pval0.01.300K.bfilt.narrowPeak.gzL2_0"
-2.44376840557564,"PFC",387,"/data/rusers/sheddn/LDR/PEC_BrainGVEX/BrainGVEX_PFC_Mixed_85_2015-1538_2016-1993-Norm.rep1.pval0.01.300K.bfilt.narrowPeak.gzL2_0"
-6.48160184719849,"PFC",388,"/data/rusers/sheddn/LDR/PEC_BrainGVEX/BrainGVEX_PFC_Mixed_85_2015-1538_2016-1993-Norm.rep2.pval0.01.300K.bfilt.narrowPeak.gzL2_0"
-1.40085860081477,"PFC",389,"/data/rusers/sheddn/LDR/PEC_BrainGVEX/BrainGVEX_PFC_Mixed_85_2015-250_2016-1830-Norm.rep1.pval0.01.300K.bfilt.narrowPeak.gzL2_0"
4.32158945826656,"PFC",390,"/data/rusers/sheddn/LDR/PEC_BrainGVEX/BrainGVEX_PFC_Mixed_85_2015-771_2016-1643-Norm.rep1.pval0.01.300K.bfilt.narrowPeak.gzL2_0"
2.02876100288739,"PFC",391,"/data/rusers/sheddn/LDR/PEC_BrainGVEX/BrainGVEX_PFC_Mixed_85_2015-900_2016-2012-Norm.rep1.pval0.01.300K.bfilt.narrowPeak.gzL2_0"
-0.145929522700318,"PFC",392,"/data/rusers/sheddn/LDR/PEC_BrainGVEX/BrainGVEX_PFC_Mixed_85_2015-901_2016-1541-Norm.rep1.pval0.01.300K.bfilt.narrowPeak.gzL2_0"
4.54559123652768,"PFC",393,"/data/rusers/sheddn/LDR/PEC_BrainGVEX/BrainGVEX_PFC_Mixed_86_2014-2197_2016-1846-Norm.rep1.pval0.01.300K.bfilt.narrowPeak.gzL2_0"
0.554681104655274,"PFC",394,"/data/rusers/sheddn/LDR/PEC_BrainGVEX/BrainGVEX_PFC_Mixed_86_2015-1343_2016-1847-Norm.rep1.pval0.01.300K.bfilt.narrowPeak.gzL2_0"
4.05234551260641,"PFC",395,"/data/rusers/sheddn/LDR/PEC_BrainGVEX/BrainGVEX_PFC_Mixed_86_2015-1468_2016-1664-Norm.rep1.pval0.01.300K.bfilt.narrowPeak.gzL2_0"
1.49497426553114,"PFC",396,"/data/rusers/sheddn/LDR/PEC_BrainGVEX/BrainGVEX_PFC_Mixed_86_2015-766_2016-1040-Norm.rep1.pval0.01.300K.bfilt.narrowPeak.gzL2_0"
0.169605698220537,"PFC",397,"/data/rusers/sheddn/LDR/PEC_BrainGVEX/BrainGVEX_PFC_Mixed_86_2015-773_2016-1635-Norm.rep1.pval0.01.300K.bfilt.narrowPeak.gzL2_0"
4.16558917637216,"PFC",398,"/data/rusers/sheddn/LDR/PEC_BrainGVEX/BrainGVEX_PFC_Mixed_86_2015-773_2016-1635-Norm.rep2.pval0.01.300K.bfilt.narrowPeak.gzL2_0"
2.72075269650119,"PFC",399,"/data/rusers/sheddn/LDR/PEC_BrainGVEX/BrainGVEX_PFC_Mixed_86_2015-918_2016-1542-Norm.rep1.pval0.01.300K.bfilt.narrowPeak.gzL2_0"
-3.12434328682664,"PFC",400,"/data/rusers/sheddn/LDR/PEC_BrainGVEX/BrainGVEX_PFC_Mixed_87_2014-2199_2016-1818-Norm.rep1.pval0.01.300K.bfilt.narrowPeak.gzL2_0"
2.90794328480186,"PFC",401,"/data/rusers/sheddn/LDR/PEC_BrainGVEX/BrainGVEX_PFC_Mixed_87_2015-1334_2016-2006-Norm.rep1.pval0.01.300K.bfilt.narrowPeak.gzL2_0"
2.39283032596202,"PFC",402,"/data/rusers/sheddn/LDR/PEC_BrainGVEX/BrainGVEX_PFC_Mixed_87_2015-1336_2016-1820-Norm.rep1.pval0.01.300K.bfilt.narrowPeak.gzL2_0"
4.13050491349915,"PFC",403,"/data/rusers/sheddn/LDR/PEC_BrainGVEX/BrainGVEX_PFC_Mixed_87_2015-1407_2016-1843-Norm.rep1.pval0.01.300K.bfilt.narrowPeak.gzL2_0"
1.37665148615351,"PFC",404,"/data/rusers/sheddn/LDR/PEC_BrainGVEX/BrainGVEX_PFC_Mixed_87_2015-1505_2015-2047-Norm.rep1.pval0.01.300K.bfilt.narrowPeak.gzL2_0"
-4.12915331720543,"PFC",405,"/data/rusers/sheddn/LDR/PEC_BrainGVEX/BrainGVEX_PFC_Mixed_87_2015-1505_2015-2850-Norm.rep1.pval0.01.300K.bfilt.narrowPeak.gzL2_0"
1.52178757814223,"PFC",406,"/data/rusers/sheddn/LDR/PEC_BrainGVEX/BrainGVEX_PFC_Mixed_87_2015-1505_2015-2850-Norm.rep2.pval0.01.300K.bfilt.narrowPeak.gzL2_0"
1.16680881359941,"PFC",407,"/data/rusers/sheddn/LDR/PEC_BrainGVEX/BrainGVEX_PFC_Mixed_87_2015-479_2016-1938-Norm.rep1.pval0.01.300K.bfilt.narrowPeak.gzL2_0"
1.05304498238594,"PFC",408,"/data/rusers/sheddn/LDR/PEC_BrainGVEX/BrainGVEX_PFC_Mixed_87_2015-811_2016-1946-Norm.rep1.pval0.01.300K.bfilt.narrowPeak.gzL2_0"
-2.82982253178048,"PFC",409,"/data/rusers/sheddn/LDR/PEC_BrainGVEX/BrainGVEX_PFC_Mixed_88_2015-1403_2016-1940-Norm.rep1.pval0.01.300K.bfilt.narrowPeak.gzL2_0"
-6.88265898221618,"PFC",410,"/data/rusers/sheddn/LDR/PEC_BrainGVEX/BrainGVEX_PFC_Mixed_88_2015-1443_2016-1952-Norm.rep1.pval0.01.300K.bfilt.narrowPeak.gzL2_0"
0.137723655738169,"PFC",411,"/data/rusers/sheddn/LDR/PEC_BrainGVEX/BrainGVEX_PFC_Mixed_88_2015-1445_2016-1534-Norm.rep1.pval0.01.300K.bfilt.narrowPeak.gzL2_0"
-4.61706313922362,"PFC",412,"/data/rusers/sheddn/LDR/PEC_BrainGVEX/BrainGVEX_PFC_Mixed_88_2015-1475_2016-1945-Norm.rep1.pval0.01.300K.bfilt.narrowPeak.gzL2_0"
5.73318710960888,"PFC",413,"/data/rusers/sheddn/LDR/PEC_BrainGVEX/BrainGVEX_PFC_Mixed_88_2015-478_2016-1835-Norm.rep1.pval0.01.300K.bfilt.narrowPeak.gzL2_0"
4.34385814504207,"PFC",414,"/data/rusers/sheddn/LDR/PEC_BrainGVEX/BrainGVEX_PFC_Mixed_88_2015-737_2016-1654-Norm.rep1.pval0.01.300K.bfilt.narrowPeak.gzL2_0"
3.4402605715868,"PFC",415,"/data/rusers/sheddn/LDR/PEC_BrainGVEX/BrainGVEX_PFC_Mixed_88_2015-769_2016-1658-Norm.rep1.pval0.01.300K.bfilt.narrowPeak.gzL2_0"
-2.39094014491976,"PFC",416,"/data/rusers/sheddn/LDR/PEC_BrainGVEX/BrainGVEX_PFC_Mixed_88_2015-805_2016-1823-Norm.rep1.pval0.01.300K.bfilt.narrowPeak.gzL2_0"
-0.602362929450355,"PFC",417,"/data/rusers/sheddn/LDR/PEC_BrainGVEX/BrainGVEX_PFC_Mixed_88_2015-920_2015-3379-Norm.rep1.pval0.01.300K.bfilt.narrowPeak.gzL2_0"
6.70522054017897,"PFC",418,"/data/rusers/sheddn/LDR/PEC_BrainGVEX/BrainGVEX_PFC_Mixed_88_2015-926_2016-1948-Norm.rep1.pval0.01.300K.bfilt.narrowPeak.gzL2_0"
0.235354675718017,"PFC",419,"/data/rusers/sheddn/LDR/PEC_BrainGVEX/BrainGVEX_PFC_Mixed_89_2015-1341_2016-1659-Norm.rep1.pval0.01.300K.bfilt.narrowPeak.gzL2_0"
1.38935110554379,"PFC",420,"/data/rusers/sheddn/LDR/PEC_BrainGVEX/BrainGVEX_PFC_Mixed_89_2015-1341_2016-1659-Norm.rep2.pval0.01.300K.bfilt.narrowPeak.gzL2_0"
1.08719554252087,"PFC",421,"/data/rusers/sheddn/LDR/PEC_BrainGVEX/BrainGVEX_PFC_Mixed_89_2015-1425_2016-1821-Norm.rep1.pval0.01.300K.bfilt.narrowPeak.gzL2_0"
0.0112895370435198,"PFC",422,"/data/rusers/sheddn/LDR/PEC_BrainGVEX/BrainGVEX_PFC_Mixed_89_2015-1452_2016-1840-Norm.rep1.pval0.01.300K.bfilt.narrowPeak.gzL2_0"
3.83524366212206,"PFC",423,"/data/rusers/sheddn/LDR/PEC_BrainGVEX/BrainGVEX_PFC_Mixed_89_2015-1533_2016-2010-Norm.rep1.pval0.01.300K.bfilt.narrowPeak.gzL2_0"
0.169886569799676,"PFC",424,"/data/rusers/sheddn/LDR/PEC_BrainGVEX/BrainGVEX_PFC_Mixed_89_2015-517_2016-2011-Norm.rep1.pval0.01.300K.bfilt.narrowPeak.gzL2_0"
4.27284873150017,"PFC",425,"/data/rusers/sheddn/LDR/PEC_BrainGVEX/BrainGVEX_PFC_Mixed_89_2015-925_2016-1037-Norm.rep1.pval0.01.300K.bfilt.narrowPeak.gzL2_0"
1.9377452766811,"PFC",426,"/data/rusers/sheddn/LDR/PEC_BrainGVEX/BrainGVEX_PFC_Mixed_90+_2014-2195_2016-1921-Norm.rep1.pval0.01.300K.bfilt.narrowPeak.gzL2_0"
2.90870031204033,"PFC",427,"/data/rusers/sheddn/LDR/PEC_BrainGVEX/BrainGVEX_PFC_Mixed_90+_2015-1333_2016-1924-Norm.rep1.pval0.01.300K.bfilt.narrowPeak.gzL2_0"
2.45024033785596,"PFC",428,"/data/rusers/sheddn/LDR/PEC_BrainGVEX/BrainGVEX_PFC_Mixed_90+_2015-1337_2016-1633-Norm.rep1.pval0.01.300K.bfilt.narrowPeak.gzL2_0"
0.0132720106111765,"PFC",429,"/data/rusers/sheddn/LDR/PEC_BrainGVEX/BrainGVEX_PFC_Mixed_90+_2015-1339_2016-1767-Norm.rep1.pval0.01.300K.bfilt.narrowPeak.gzL2_0"
1.30138416161557,"PFC",430,"/data/rusers/sheddn/LDR/PEC_BrainGVEX/BrainGVEX_PFC_Mixed_90+_2015-1340_2016-1842-Norm.rep1.pval0.01.300K.bfilt.narrowPeak.gzL2_0"
2.0891719941826,"PFC",431,"/data/rusers/sheddn/LDR/PEC_BrainGVEX/BrainGVEX_PFC_Mixed_90+_2015-1342_2016-1951-Norm.rep1.pval0.01.300K.bfilt.narrowPeak.gzL2_0"
-0.391839287554995,"PFC",432,"/data/rusers/sheddn/LDR/PEC_BrainGVEX/BrainGVEX_PFC_Mixed_90_2015-1400_2016-2000-Norm.rep1.pval0.01.300K.bfilt.narrowPeak.gzL2_0"
0.0105106286126655,"PFC",433,"/data/rusers/sheddn/LDR/PEC_BrainGVEX/BrainGVEX_PFC_Mixed_90_2015-1400_2016-2000-Norm.rep2.pval0.01.300K.bfilt.narrowPeak.gzL2_0"
1.27030999530682,"PFC",434,"/data/rusers/sheddn/LDR/PEC_BrainGVEX/BrainGVEX_PFC_Mixed_90+_2015-1404_2016-1838-Norm.rep1.pval0.01.300K.bfilt.narrowPeak.gzL2_0"
4.48547059469252,"PFC",435,"/data/rusers/sheddn/LDR/PEC_BrainGVEX/BrainGVEX_PFC_Mixed_90+_2015-1404_2016-1838-Norm.rep2.pval0.01.300K.bfilt.narrowPeak.gzL2_0"
-6.23009206769233,"PFC",436,"/data/rusers/sheddn/LDR/PEC_BrainGVEX/BrainGVEX_PFC_Mixed_90+_2015-1408_2016-1036-Norm.rep1.pval0.01.300K.bfilt.narrowPeak.gzL2_0"
7.46145211177857,"PFC",437,"/data/rusers/sheddn/LDR/PEC_BrainGVEX/BrainGVEX_PFC_Mixed_90_2015-1426_2016-1841-Norm.rep1.pval0.01.300K.bfilt.narrowPeak.gzL2_0"
-0.317302253845015,"PFC",438,"/data/rusers/sheddn/LDR/PEC_BrainGVEX/BrainGVEX_PFC_Mixed_90+_2015-1449_2016-1849-Norm.rep1.pval0.01.300K.bfilt.narrowPeak.gzL2_0"
0.728520436862711,"PFC",439,"/data/rusers/sheddn/LDR/PEC_BrainGVEX/BrainGVEX_PFC_Mixed_90+_2015-1450_2016-1836-Norm.rep1.pval0.01.300K.bfilt.narrowPeak.gzL2_0"
4.24152703123803,"PFC",440,"/data/rusers/sheddn/LDR/PEC_BrainGVEX/BrainGVEX_PFC_Mixed_90+_2015-1454_2016-1988-Norm.rep1.pval0.01.300K.bfilt.narrowPeak.gzL2_0"
-0.53458623376603,"PFC",441,"/data/rusers/sheddn/LDR/PEC_BrainGVEX/BrainGVEX_PFC_Mixed_90+_2015-1470_2015-2657-Norm.rep1.pval0.01.300K.bfilt.narrowPeak.gzL2_0"
5.9416874395231,"PFC",442,"/data/rusers/sheddn/LDR/PEC_BrainGVEX/BrainGVEX_PFC_Mixed_90+_2015-1470_2015-2657-Norm.rep2.pval0.01.300K.bfilt.narrowPeak.gzL2_0"
2.02699693138042,"PFC",443,"/data/rusers/sheddn/LDR/PEC_BrainGVEX/BrainGVEX_PFC_Mixed_90+_2015-1470_2015-2658-Norm.rep1.pval0.01.300K.bfilt.narrowPeak.gzL2_0"
4.41060614758628,"PFC",444,"/data/rusers/sheddn/LDR/PEC_BrainGVEX/BrainGVEX_PFC_Mixed_90+_2015-1477_2016-2001-Norm.rep1.pval0.01.300K.bfilt.narrowPeak.gzL2_0"
5.8367377495894,"PFC",445,"/data/rusers/sheddn/LDR/PEC_BrainGVEX/BrainGVEX_PFC_Mixed_90+_2015-1477_2016-2001-Norm.rep2.pval0.01.300K.bfilt.narrowPeak.gzL2_0"
0.712067302317052,"PFC",446,"/data/rusers/sheddn/LDR/PEC_BrainGVEX/BrainGVEX_PFC_Mixed_90_2015-1502_2016-1655-Norm.rep1.pval0.01.300K.bfilt.narrowPeak.gzL2_0"
3.16069448840887,"PFC",447,"/data/rusers/sheddn/LDR/PEC_BrainGVEX/BrainGVEX_PFC_Mixed_90+_2015-1509_2015-2046-Norm.rep1.pval0.01.300K.bfilt.narrowPeak.gzL2_0"
-4.58187870153694,"PFC",448,"/data/rusers/sheddn/LDR/PEC_BrainGVEX/BrainGVEX_PFC_Mixed_90+_2015-1509_2015-3384-Norm.rep1.pval0.01.300K.bfilt.narrowPeak.gzL2_0"
-1.69969169230116,"PFC",449,"/data/rusers/sheddn/LDR/PEC_BrainGVEX/BrainGVEX_PFC_Mixed_90+_2015-1512_2016-1947-Norm.rep1.pval0.01.300K.bfilt.narrowPeak.gzL2_0"
-0.588232952507371,"PFC",450,"/data/rusers/sheddn/LDR/PEC_BrainGVEX/BrainGVEX_PFC_Mixed_90+_2015-1532_2016-1930-Norm.rep1.pval0.01.300K.bfilt.narrowPeak.gzL2_0"
1.25603024792637,"PFC",451,"/data/rusers/sheddn/LDR/PEC_BrainGVEX/BrainGVEX_PFC_Mixed_90+_2015-1536_2016-2005-Norm.rep1.pval0.01.300K.bfilt.narrowPeak.gzL2_0"
-2.41952062433027,"PFC",452,"/data/rusers/sheddn/LDR/PEC_BrainGVEX/BrainGVEX_PFC_Mixed_90+_2015-1543_2016-1769-Norm.rep1.pval0.01.300K.bfilt.narrowPeak.gzL2_0"
-5.63722088408508,"PFC",453,"/data/rusers/sheddn/LDR/PEC_BrainGVEX/BrainGVEX_PFC_Mixed_90+_2015-1552_2016-1771-Norm.rep1.pval0.01.300K.bfilt.narrowPeak.gzL2_0"
4.26262355862726,"PFC",454,"/data/rusers/sheddn/LDR/PEC_BrainGVEX/BrainGVEX_PFC_Mixed_90+_2015-247_2015-469-Norm.rep1.pval0.01.300K.bfilt.narrowPeak.gzL2_0"
2.33836942725657,"PFC",455,"/data/rusers/sheddn/LDR/PEC_BrainGVEX/BrainGVEX_PFC_Mixed_90+_2015-282_2016-1987-Norm.rep1.pval0.01.300K.bfilt.narrowPeak.gzL2_0"
1.43120908722521,"PFC",456,"/data/rusers/sheddn/LDR/PEC_BrainGVEX/BrainGVEX_PFC_Mixed_90+_2015-284_2016-1826-Norm.rep1.pval0.01.300K.bfilt.narrowPeak.gzL2_0"
-1.93217229420269,"PFC",457,"/data/rusers/sheddn/LDR/PEC_BrainGVEX/BrainGVEX_PFC_Mixed_90+_2015-477_2016-1989-Norm.rep1.pval0.01.300K.bfilt.narrowPeak.gzL2_0"
6.17860878092754,"PFC",458,"/data/rusers/sheddn/LDR/PEC_BrainGVEX/BrainGVEX_PFC_Mixed_90+_2015-477_2016-1989-Norm.rep2.pval0.01.300K.bfilt.narrowPeak.gzL2_0"
-1.08739112759743,"PFC",459,"/data/rusers/sheddn/LDR/PEC_BrainGVEX/BrainGVEX_PFC_Mixed_90+_2015-510_2016-1759-Norm.rep1.pval0.01.300K.bfilt.narrowPeak.gzL2_0"
4.85133768225892,"PFC",460,"/data/rusers/sheddn/LDR/PEC_BrainGVEX/BrainGVEX_PFC_Mixed_90+_2015-513_2016-1825-Norm.rep1.pval0.01.300K.bfilt.narrowPeak.gzL2_0"
4.74246392377487,"PFC",461,"/data/rusers/sheddn/LDR/PEC_BrainGVEX/BrainGVEX_PFC_Mixed_90_2015-733_2015-1709-Norm.rep1.pval0.01.300K.bfilt.narrowPeak.gzL2_0"
7.88224253986961,"PFC",462,"/data/rusers/sheddn/LDR/PEC_BrainGVEX/BrainGVEX_PFC_Mixed_90_2015-733_2015-2662-Norm.rep1.pval0.01.300K.bfilt.narrowPeak.gzL2_0"
-4.73441245917179,"PFC",463,"/data/rusers/sheddn/LDR/PEC_BrainGVEX/BrainGVEX_PFC_Mixed_90_2015-733_2015-3385-Norm.rep1.pval0.01.300K.bfilt.narrowPeak.gzL2_0"
0.672041077441096,"PFC",464,"/data/rusers/sheddn/LDR/PEC_BrainGVEX/BrainGVEX_PFC_Mixed_90+_2015-734_2016-1765-Norm.rep1.pval0.01.300K.bfilt.narrowPeak.gzL2_0"
9.46168936499063,"PFC",465,"/data/rusers/sheddn/LDR/PEC_BrainGVEX/BrainGVEX_PFC_Mixed_90+_2015-738_2016-1922-Norm.rep1.pval0.01.300K.bfilt.narrowPeak.gzL2_0"
-14.2846200041756,"PFC",466,"/data/rusers/sheddn/LDR/PEC_BrainGVEX/BrainGVEX_PFC_Mixed_90+_2015-767_2016-1029-Norm.rep2.pval0.01.300K.bfilt.narrowPeak.gzL2_0"
-2.02703760156334,"PFC",467,"/data/rusers/sheddn/LDR/PEC_BrainGVEX/BrainGVEX_PFC_Mixed_90_2015-775_2016-1662-Norm.rep1.pval0.01.300K.bfilt.narrowPeak.gzL2_0"
8.92450935820755,"PFC",468,"/data/rusers/sheddn/LDR/PEC_BrainGVEX/BrainGVEX_PFC_Mixed_90+_2015-807_2016-1661-Norm.rep1.pval0.01.300K.bfilt.narrowPeak.gzL2_0"
6.57268862801075,"PFC",469,"/data/rusers/sheddn/LDR/PEC_BrainGVEX/BrainGVEX_PFC_Mixed_90+_2015-808_2016-1639-Norm.rep1.pval0.01.300K.bfilt.narrowPeak.gzL2_0"
2.69849049222905,"PFC",470,"/data/rusers/sheddn/LDR/PEC_BrainGVEX/BrainGVEX_PFC_Mixed_90+_2015-808_2016-1639-Norm.rep2.pval0.01.300K.bfilt.narrowPeak.gzL2_0"
1.29018497827178,"PFC",471,"/data/rusers/sheddn/LDR/PEC_BrainGVEX/BrainGVEX_PFC_Mixed_90_2015-809_2016-1645-Norm.rep1.pval0.01.300K.bfilt.narrowPeak.gzL2_0"
1.44806757287848,"PFC",472,"/data/rusers/sheddn/LDR/PEC_BrainGVEX/BrainGVEX_PFC_Mixed_90+_2015-917_2016-1545-Norm.rep1.pval0.01.300K.bfilt.narrowPeak.gzL2_0"
1.90003043821845,"PFC",473,"/data/rusers/sheddn/LDR/PEC_BrainGVEX/BrainGVEX_PFC_Mixed_90+_2015-922_2016-2013-Norm.rep1.pval0.01.300K.bfilt.narrowPeak.gzL2_0"
-1.12473733655971,"PFC",474,"/data/rusers/sheddn/LDR/PEC_BrainGVEX/BrainGVEX_PFC_Mixed_90+_2015-927_2016-1638-Norm.rep1.pval0.01.300K.bfilt.narrowPeak.gzL2_0"
1.00267986650303,"PFC",475,"/data/rusers/sheddn/LDR/Rizzardi_Feinberg_30643296/30643296_PFC_NeuN+_Adult_5343.r0.pval0.01.300K.bfilt.narrowPeak.gzL2_0"
2.5033683427803,"PFC",476,"/data/rusers/sheddn/LDR/Rizzardi_Feinberg_30643296/30643296_PFC_NeuN-_Adult_5343.r0.pval0.01.300K.bfilt.narrowPeak.gzL2_0"
4.84929781843469,"PFC",477,"/data/rusers/sheddn/LDR/Rizzardi_Feinberg_30643296/30643296_PFC_NeuN+_Adult_5347.r0.pval0.01.300K.bfilt.narrowPeak.gzL2_0"
-0.502807067992786,"PFC",478,"/data/rusers/sheddn/LDR/Rizzardi_Feinberg_30643296/30643296_PFC_NeuN-_Adult_5347.r0.pval0.01.300K.bfilt.narrowPeak.gzL2_0"
5.70096092932903,"PFC",479,"/data/rusers/sheddn/LDR/Rizzardi_Feinberg_30643296/30643296_PFC_NeuN+_Adult_5358.r0.pval0.01.300K.bfilt.narrowPeak.gzL2_0"
-1.40301352006706,"PFC",480,"/data/rusers/sheddn/LDR/Rizzardi_Feinberg_30643296/30643296_PFC_NeuN-_Adult_5358.r0.pval0.01.300K.bfilt.narrowPeak.gzL2_0"
0.0585939728140758,"PFC",481,"/data/rusers/sheddn/LDR/Rizzardi_Feinberg_30643296/30643296_PFC_NeuN+_Adult_5404.r0.pval0.01.300K.bfilt.narrowPeak.gzL2_0"
-0.146263020579724,"PFC",482,"/data/rusers/sheddn/LDR/Rizzardi_Feinberg_30643296/30643296_PFC_NeuN-_Adult_5404.r0.pval0.01.300K.bfilt.narrowPeak.gzL2_0"
0.734324735031761,"PFC",483,"/data/rusers/sheddn/LDR/Rizzardi_Feinberg_30643296/30643296_PFC_NeuN+_Adult_5456.r0.pval0.01.300K.bfilt.narrowPeak.gzL2_0"
-1.82017854115407,"PFC",484,"/data/rusers/sheddn/LDR/Rizzardi_Feinberg_30643296/30643296_PFC_NeuN-_Adult_5456.r0.pval0.01.300K.bfilt.narrowPeak.gzL2_0"
-0.846958557862202,"PFC",485,"/data/rusers/sheddn/LDR/Rizzardi_Feinberg_30643296/30643296_PFC_NeuN+_Adult_5540.r0.pval0.01.300K.bfilt.narrowPeak.gzL2_0"
-3.95870074287674,"PFC",486,"/data/rusers/sheddn/LDR/Rizzardi_Feinberg_30643296/30643296_PFC_NeuN-_Adult_5540.r0.pval0.01.300K.bfilt.narrowPeak.gzL2_0"
1.146327955556,"PL",487,"/data/rusers/sheddn/LDR/Corces_Montine_33106633/33106633_PL_Mixed_Adult_10.rep1.pval0.01.300K.bfilt.narrowPeak.gzL2_0"
0.812601954681351,"PL",488,"/data/rusers/sheddn/LDR/Corces_Montine_33106633/33106633_PL_Mixed_Adult_10.rep2.pval0.01.300K.bfilt.narrowPeak.gzL2_0"
1.67810442124148,"PL",489,"/data/rusers/sheddn/LDR/Corces_Montine_33106633/33106633_PL_Mixed_Adult_11.rep1.pval0.01.300K.bfilt.narrowPeak.gzL2_0"
1.03893517858332,"PL",490,"/data/rusers/sheddn/LDR/Corces_Montine_33106633/33106633_PL_Mixed_Adult_11.rep2.pval0.01.300K.bfilt.narrowPeak.gzL2_0"
3.65811564777506,"PL",491,"/data/rusers/sheddn/LDR/Corces_Montine_33106633/33106633_PL_Mixed_Adult_12.rep1.pval0.01.300K.bfilt.narrowPeak.gzL2_0"
6.40604856176381,"PL",492,"/data/rusers/sheddn/LDR/Corces_Montine_33106633/33106633_PL_Mixed_Adult_12.rep2.pval0.01.300K.bfilt.narrowPeak.gzL2_0"
4.55837995631188,"PL",493,"/data/rusers/sheddn/LDR/Corces_Montine_33106633/33106633_PL_Mixed_Adult_13.rep1.pval0.01.300K.bfilt.narrowPeak.gzL2_0"
-0.121998494864865,"PL",494,"/data/rusers/sheddn/LDR/Corces_Montine_33106633/33106633_PL_Mixed_Adult_13.rep2.pval0.01.300K.bfilt.narrowPeak.gzL2_0"
4.41834504944229,"PL",495,"/data/rusers/sheddn/LDR/Corces_Montine_33106633/33106633_PL_Mixed_Adult_14.rep1.pval0.01.300K.bfilt.narrowPeak.gzL2_0"
2.67928712323875,"PL",496,"/data/rusers/sheddn/LDR/Corces_Montine_33106633/33106633_PL_Mixed_Adult_14.rep2.pval0.01.300K.bfilt.narrowPeak.gzL2_0"
1.68100994092894,"PL",497,"/data/rusers/sheddn/LDR/Corces_Montine_33106633/33106633_PL_Mixed_Adult_15.rep1.pval0.01.300K.bfilt.narrowPeak.gzL2_0"
3.70430497136151,"PL",498,"/data/rusers/sheddn/LDR/Corces_Montine_33106633/33106633_PL_Mixed_Adult_15.rep2.pval0.01.300K.bfilt.narrowPeak.gzL2_0"
-2.60618197176338,"PL",499,"/data/rusers/sheddn/LDR/Corces_Montine_33106633/33106633_PL_Mixed_Adult_16.rep1.pval0.01.300K.bfilt.narrowPeak.gzL2_0"
-1.81279306143165,"PL",500,"/data/rusers/sheddn/LDR/Corces_Montine_33106633/33106633_PL_Mixed_Adult_16.rep2.pval0.01.300K.bfilt.narrowPeak.gzL2_0"
2.64343313773666,"PL",501,"/data/rusers/sheddn/LDR/Corces_Montine_33106633/33106633_PL_Mixed_Adult_17.rep1.pval0.01.300K.bfilt.narrowPeak.gzL2_0"
3.35981877501936,"PL",502,"/data/rusers/sheddn/LDR/Corces_Montine_33106633/33106633_PL_Mixed_Adult_17.rep2.pval0.01.300K.bfilt.narrowPeak.gzL2_0"
3.72259756861278,"PL",503,"/data/rusers/sheddn/LDR/Corces_Montine_33106633/33106633_PL_Mixed_Adult_18.rep1.pval0.01.300K.bfilt.narrowPeak.gzL2_0"
5.18347106846055,"PL",504,"/data/rusers/sheddn/LDR/Corces_Montine_33106633/33106633_PL_Mixed_Adult_18.rep2.pval0.01.300K.bfilt.narrowPeak.gzL2_0"
4.32530372576794,"PL",505,"/data/rusers/sheddn/LDR/Corces_Montine_33106633/33106633_PL_Mixed_Adult_1.rep1.pval0.01.300K.bfilt.narrowPeak.gzL2_0"
1.5837263027297,"PL",506,"/data/rusers/sheddn/LDR/Corces_Montine_33106633/33106633_PL_Mixed_Adult_1.rep2.pval0.01.300K.bfilt.narrowPeak.gzL2_0"
7.94224687725457,"PL",507,"/data/rusers/sheddn/LDR/Corces_Montine_33106633/33106633_PL_Mixed_Adult_2.rep1.pval0.01.300K.bfilt.narrowPeak.gzL2_0"
3.23128471876662,"PL",508,"/data/rusers/sheddn/LDR/Corces_Montine_33106633/33106633_PL_Mixed_Adult_2.rep2.pval0.01.300K.bfilt.narrowPeak.gzL2_0"
-0.918563016703097,"PL",509,"/data/rusers/sheddn/LDR/Corces_Montine_33106633/33106633_PL_Mixed_Adult_3.rep1.pval0.01.300K.bfilt.narrowPeak.gzL2_0"
-5.86361860495797,"PL",510,"/data/rusers/sheddn/LDR/Corces_Montine_33106633/33106633_PL_Mixed_Adult_3.rep2.pval0.01.300K.bfilt.narrowPeak.gzL2_0"
0.461131503023735,"PL",511,"/data/rusers/sheddn/LDR/Corces_Montine_33106633/33106633_PL_Mixed_Adult_4.rep1.pval0.01.300K.bfilt.narrowPeak.gzL2_0"
1.8817883578176,"PL",512,"/data/rusers/sheddn/LDR/Corces_Montine_33106633/33106633_PL_Mixed_Adult_4.rep2.pval0.01.300K.bfilt.narrowPeak.gzL2_0"
4.49728859979452,"PL",513,"/data/rusers/sheddn/LDR/Corces_Montine_33106633/33106633_PL_Mixed_Adult_5.rep1.pval0.01.300K.bfilt.narrowPeak.gzL2_0"
6.3912785634038,"PL",514,"/data/rusers/sheddn/LDR/Corces_Montine_33106633/33106633_PL_Mixed_Adult_5.rep2.pval0.01.300K.bfilt.narrowPeak.gzL2_0"
0.426268887674192,"PL",515,"/data/rusers/sheddn/LDR/Corces_Montine_33106633/33106633_PL_Mixed_Adult_6.rep1.pval0.01.300K.bfilt.narrowPeak.gzL2_0"
3.85551056781229,"PL",516,"/data/rusers/sheddn/LDR/Corces_Montine_33106633/33106633_PL_Mixed_Adult_6.rep2.pval0.01.300K.bfilt.narrowPeak.gzL2_0"
4.59042586820087,"PL",517,"/data/rusers/sheddn/LDR/Corces_Montine_33106633/33106633_PL_Mixed_Adult_7.rep1.pval0.01.300K.bfilt.narrowPeak.gzL2_0"
1.49100908126001,"PL",518,"/data/rusers/sheddn/LDR/Corces_Montine_33106633/33106633_PL_Mixed_Adult_7.rep2.pval0.01.300K.bfilt.narrowPeak.gzL2_0"
3.03827507933113,"PL",519,"/data/rusers/sheddn/LDR/Corces_Montine_33106633/33106633_PL_Mixed_Adult_8.rep1.pval0.01.300K.bfilt.narrowPeak.gzL2_0"
8.94386820780183,"PL",520,"/data/rusers/sheddn/LDR/Corces_Montine_33106633/33106633_PL_Mixed_Adult_8.rep2.pval0.01.300K.bfilt.narrowPeak.gzL2_0"
4.32356416232484,"PL",521,"/data/rusers/sheddn/LDR/Corces_Montine_33106633/33106633_PL_Mixed_Adult_9.rep1.pval0.01.300K.bfilt.narrowPeak.gzL2_0"
3.86526310368957,"PL",522,"/data/rusers/sheddn/LDR/Corces_Montine_33106633/33106633_PL_Mixed_Adult_9.rep2.pval0.01.300K.bfilt.narrowPeak.gzL2_0"
-1.13093857040704,"PMC",523,"/data/rusers/sheddn/LDR/Fullard_Roussos_29945882/29945882_PMC_NeuN+_19y_351.r0.pval0.01.300K.bfilt.narrowPeak.gzL2_0"
0.294886095695449,"PMC",524,"/data/rusers/sheddn/LDR/Fullard_Roussos_29945882/29945882_PMC_NeuN-_19y_351.r0.pval0.01.300K.bfilt.narrowPeak.gzL2_0"
4.80739658745376,"PMC",525,"/data/rusers/sheddn/LDR/Fullard_Roussos_29945882/29945882_PMC_NeuN+_20y_437.r0.pval0.01.300K.bfilt.narrowPeak.gzL2_0"
-2.25827722864025,"PMC",526,"/data/rusers/sheddn/LDR/Fullard_Roussos_29945882/29945882_PMC_NeuN-_20y_437.r0.pval0.01.300K.bfilt.narrowPeak.gzL2_0"
-1.38740799037323,"PMC",527,"/data/rusers/sheddn/LDR/Fullard_Roussos_29945882/29945882_PMC_NeuN-_22y_372.r0.pval0.01.300K.bfilt.narrowPeak.gzL2_0"
3.1472470633409,"PMC",528,"/data/rusers/sheddn/LDR/Fullard_Roussos_29945882/29945882_PMC_NeuN+_22y_446.r0.pval0.01.300K.bfilt.narrowPeak.gzL2_0"
2.60147480334834,"PMC",529,"/data/rusers/sheddn/LDR/Fullard_Roussos_29945882/29945882_PMC_NeuN-_22y_446.r0.pval0.01.300K.bfilt.narrowPeak.gzL2_0"
1.47321989408575,"PMC",530,"/data/rusers/sheddn/LDR/Fullard_Roussos_29945882/29945882_PMC_NeuN+_28y_440.r0.pval0.01.300K.bfilt.narrowPeak.gzL2_0"
0.734840849742383,"PMC",531,"/data/rusers/sheddn/LDR/Fullard_Roussos_29945882/29945882_PMC_NeuN-_28y_440.r0.pval0.01.300K.bfilt.narrowPeak.gzL2_0"
3.35567871889829,"PSTC",532,"/data/rusers/sheddn/LDR/Fullard_Roussos_29945882/29945882_PSTC_NeuN+_19y_351.r0.pval0.01.300K.bfilt.narrowPeak.gzL2_0"
0.377079845313213,"PSTC",533,"/data/rusers/sheddn/LDR/Fullard_Roussos_29945882/29945882_PSTC_NeuN-_19y_351.r0.pval0.01.300K.bfilt.narrowPeak.gzL2_0"
5.72824308881436,"PSTC",534,"/data/rusers/sheddn/LDR/Fullard_Roussos_29945882/29945882_PSTC_NeuN+_20y_437.r0.pval0.01.300K.bfilt.narrowPeak.gzL2_0"
-1.90258357205281,"PSTC",535,"/data/rusers/sheddn/LDR/Fullard_Roussos_29945882/29945882_PSTC_NeuN-_20y_437.r0.pval0.01.300K.bfilt.narrowPeak.gzL2_0"
3.5605897466037,"PSTC",536,"/data/rusers/sheddn/LDR/Fullard_Roussos_29945882/29945882_PSTC_NeuN+_22y_372.r0.pval0.01.300K.bfilt.narrowPeak.gzL2_0"
0.624496814817686,"PSTC",537,"/data/rusers/sheddn/LDR/Fullard_Roussos_29945882/29945882_PSTC_NeuN-_22y_372.r0.pval0.01.300K.bfilt.narrowPeak.gzL2_0"
0.875549344007837,"PSTC",538,"/data/rusers/sheddn/LDR/Fullard_Roussos_29945882/29945882_PSTC_NeuN+_22y_446.r0.pval0.01.300K.bfilt.narrowPeak.gzL2_0"
-0.483934064759548,"PSTC",539,"/data/rusers/sheddn/LDR/Fullard_Roussos_29945882/29945882_PSTC_NeuN-_22y_446.r0.pval0.01.300K.bfilt.narrowPeak.gzL2_0"
4.34615637087051,"PSTC",540,"/data/rusers/sheddn/LDR/Fullard_Roussos_29945882/29945882_PSTC_NeuN+_28y_440.r0.pval0.01.300K.bfilt.narrowPeak.gzL2_0"
-5.13088904050775,"PSTC",541,"/data/rusers/sheddn/LDR/Fullard_Roussos_29945882/29945882_PSTC_NeuN-_28y_440.r0.pval0.01.300K.bfilt.narrowPeak.gzL2_0"
-0.395129588171765,"PTM",542,"/data/rusers/sheddn/LDR/Corces_Montine_33106633/33106633_PTM_Mixed_Adult_10.rep1.pval0.01.300K.bfilt.narrowPeak.gzL2_0"
1.5499362418243,"PTM",543,"/data/rusers/sheddn/LDR/Corces_Montine_33106633/33106633_PTM_Mixed_Adult_10.rep2.pval0.01.300K.bfilt.narrowPeak.gzL2_0"
-0.566907480319238,"PTM",544,"/data/rusers/sheddn/LDR/Corces_Montine_33106633/33106633_PTM_Mixed_Adult_11.rep1.pval0.01.300K.bfilt.narrowPeak.gzL2_0"
2.45310096816372,"PTM",545,"/data/rusers/sheddn/LDR/Corces_Montine_33106633/33106633_PTM_Mixed_Adult_11.rep2.pval0.01.300K.bfilt.narrowPeak.gzL2_0"
-1.37329880957281,"PTM",546,"/data/rusers/sheddn/LDR/Corces_Montine_33106633/33106633_PTM_Mixed_Adult_1.rep1.pval0.01.300K.bfilt.narrowPeak.gzL2_0"
2.18137308223967,"PTM",547,"/data/rusers/sheddn/LDR/Corces_Montine_33106633/33106633_PTM_Mixed_Adult_1.rep2.pval0.01.300K.bfilt.narrowPeak.gzL2_0"
0.283521006563989,"PTM",548,"/data/rusers/sheddn/LDR/Corces_Montine_33106633/33106633_PTM_Mixed_Adult_2.rep1.pval0.01.300K.bfilt.narrowPeak.gzL2_0"
-0.366738619788087,"PTM",549,"/data/rusers/sheddn/LDR/Corces_Montine_33106633/33106633_PTM_Mixed_Adult_2.rep2.pval0.01.300K.bfilt.narrowPeak.gzL2_0"
-1.65374933107353,"PTM",550,"/data/rusers/sheddn/LDR/Corces_Montine_33106633/33106633_PTM_Mixed_Adult_3.rep1.pval0.01.300K.bfilt.narrowPeak.gzL2_0"
0.324889041741511,"PTM",551,"/data/rusers/sheddn/LDR/Corces_Montine_33106633/33106633_PTM_Mixed_Adult_3.rep2.pval0.01.300K.bfilt.narrowPeak.gzL2_0"
-0.291212038137077,"PTM",552,"/data/rusers/sheddn/LDR/Corces_Montine_33106633/33106633_PTM_Mixed_Adult_4.rep1.pval0.01.300K.bfilt.narrowPeak.gzL2_0"
-1.44474967313643,"PTM",553,"/data/rusers/sheddn/LDR/Corces_Montine_33106633/33106633_PTM_Mixed_Adult_4.rep2.pval0.01.300K.bfilt.narrowPeak.gzL2_0"
-1.36458972980335,"PTM",554,"/data/rusers/sheddn/LDR/Corces_Montine_33106633/33106633_PTM_Mixed_Adult_5.rep1.pval0.01.300K.bfilt.narrowPeak.gzL2_0"
-1.88246211575147,"PTM",555,"/data/rusers/sheddn/LDR/Corces_Montine_33106633/33106633_PTM_Mixed_Adult_5.rep2.pval0.01.300K.bfilt.narrowPeak.gzL2_0"
1.64865985893793,"PTM",556,"/data/rusers/sheddn/LDR/Corces_Montine_33106633/33106633_PTM_Mixed_Adult_6.rep1.pval0.01.300K.bfilt.narrowPeak.gzL2_0"
4.82009277971355,"PTM",557,"/data/rusers/sheddn/LDR/Corces_Montine_33106633/33106633_PTM_Mixed_Adult_6.rep2.pval0.01.300K.bfilt.narrowPeak.gzL2_0"
2.88720537535075,"PTM",558,"/data/rusers/sheddn/LDR/Corces_Montine_33106633/33106633_PTM_Mixed_Adult_7.rep1.pval0.01.300K.bfilt.narrowPeak.gzL2_0"
-1.69944117266948,"PTM",559,"/data/rusers/sheddn/LDR/Corces_Montine_33106633/33106633_PTM_Mixed_Adult_8.rep1.pval0.01.300K.bfilt.narrowPeak.gzL2_0"
3.96764050811315,"PTM",560,"/data/rusers/sheddn/LDR/Corces_Montine_33106633/33106633_PTM_Mixed_Adult_8.rep2.pval0.01.300K.bfilt.narrowPeak.gzL2_0"
-3.37914982072102,"PTM",561,"/data/rusers/sheddn/LDR/Corces_Montine_33106633/33106633_PTM_Mixed_Adult_9.rep1.pval0.01.300K.bfilt.narrowPeak.gzL2_0"
3.16913325232177,"PTM",562,"/data/rusers/sheddn/LDR/Fullard_Roussos_29945882/29945882_PTM_NeuN+_19y_351.r0.pval0.01.300K.bfilt.narrowPeak.gzL2_0"
-0.0147146235711795,"PTM",563,"/data/rusers/sheddn/LDR/Fullard_Roussos_29945882/29945882_PTM_NeuN-_19y_351.r0.pval0.01.300K.bfilt.narrowPeak.gzL2_0"
-0.224793658951062,"PTM",564,"/data/rusers/sheddn/LDR/Fullard_Roussos_29945882/29945882_PTM_NeuN+_20y_437.r0.pval0.01.300K.bfilt.narrowPeak.gzL2_0"
-0.292829315933778,"PTM",565,"/data/rusers/sheddn/LDR/Fullard_Roussos_29945882/29945882_PTM_NeuN-_20y_437.r0.pval0.01.300K.bfilt.narrowPeak.gzL2_0"
-1.56802727584621,"PTM",566,"/data/rusers/sheddn/LDR/Fullard_Roussos_29945882/29945882_PTM_NeuN+_22y_372.r0.pval0.01.300K.bfilt.narrowPeak.gzL2_0"
-1.53899008380267,"PTM",567,"/data/rusers/sheddn/LDR/Fullard_Roussos_29945882/29945882_PTM_NeuN-_22y_372.r0.pval0.01.300K.bfilt.narrowPeak.gzL2_0"
-3.96750305331901,"PTM",568,"/data/rusers/sheddn/LDR/Fullard_Roussos_29945882/29945882_PTM_NeuN+_22y_446.r0.pval0.01.300K.bfilt.narrowPeak.gzL2_0"
1.93653089347975,"PTM",569,"/data/rusers/sheddn/LDR/Fullard_Roussos_29945882/29945882_PTM_NeuN-_22y_446.r0.pval0.01.300K.bfilt.narrowPeak.gzL2_0"
3.42814664157647,"PTM",570,"/data/rusers/sheddn/LDR/Fullard_Roussos_29945882/29945882_PTM_NeuN-_28y_440.r0.pval0.01.300K.bfilt.narrowPeak.gzL2_0"
7.54712095539686,"PVC",571,"/data/rusers/sheddn/LDR/Fullard_Roussos_29945882/29945882_PVC_NeuN+_19y_351.r0.pval0.01.300K.bfilt.narrowPeak.gzL2_0"
2.72901959601506,"PVC",572,"/data/rusers/sheddn/LDR/Fullard_Roussos_29945882/29945882_PVC_NeuN-_19y_351.r0.pval0.01.300K.bfilt.narrowPeak.gzL2_0"
1.76763527747237,"PVC",573,"/data/rusers/sheddn/LDR/Fullard_Roussos_29945882/29945882_PVC_NeuN+_20y_437.r0.pval0.01.300K.bfilt.narrowPeak.gzL2_0"
0.601940363915093,"PVC",574,"/data/rusers/sheddn/LDR/Fullard_Roussos_29945882/29945882_PVC_NeuN-_20y_437.r0.pval0.01.300K.bfilt.narrowPeak.gzL2_0"
4.94766075863053,"PVC",575,"/data/rusers/sheddn/LDR/Fullard_Roussos_29945882/29945882_PVC_NeuN+_22y_372.r0.pval0.01.300K.bfilt.narrowPeak.gzL2_0"
11.2034089789589,"PVC",576,"/data/rusers/sheddn/LDR/Fullard_Roussos_29945882/29945882_PVC_NeuN+_22y_446.r0.pval0.01.300K.bfilt.narrowPeak.gzL2_0"
-0.756703273360598,"PVC",577,"/data/rusers/sheddn/LDR/Fullard_Roussos_29945882/29945882_PVC_NeuN-_22y_446.r0.pval0.01.300K.bfilt.narrowPeak.gzL2_0"
0.938367349240106,"PVC",578,"/data/rusers/sheddn/LDR/Fullard_Roussos_29945882/29945882_PVC_NeuN+_28y_440.r0.pval0.01.300K.bfilt.narrowPeak.gzL2_0"
-1.12290611424601,"PVC",579,"/data/rusers/sheddn/LDR/Fullard_Roussos_29945882/29945882_PVC_NeuN-_28y_440.r0.pval0.01.300K.bfilt.narrowPeak.gzL2_0"
-0.125556445304989,"SN",580,"/data/rusers/sheddn/LDR/Corces_Montine_33106633/33106633_SN_Mixed_Adult_10.rep1.pval0.01.300K.bfilt.narrowPeak.gzL2_0"
-0.132704216318789,"SN",581,"/data/rusers/sheddn/LDR/Corces_Montine_33106633/33106633_SN_Mixed_Adult_10.rep2.pval0.01.300K.bfilt.narrowPeak.gzL2_0"
3.61125937558152,"SN",582,"/data/rusers/sheddn/LDR/Corces_Montine_33106633/33106633_SN_Mixed_Adult_10.rep3.pval0.01.300K.bfilt.narrowPeak.gzL2_0"
4.71293121326376,"SN",583,"/data/rusers/sheddn/LDR/Corces_Montine_33106633/33106633_SN_Mixed_Adult_11.rep1.pval0.01.300K.bfilt.narrowPeak.gzL2_0"
4.63891215459248,"SN",584,"/data/rusers/sheddn/LDR/Corces_Montine_33106633/33106633_SN_Mixed_Adult_11.rep2.pval0.01.300K.bfilt.narrowPeak.gzL2_0"
0.173465226387457,"SN",585,"/data/rusers/sheddn/LDR/Corces_Montine_33106633/33106633_SN_Mixed_Adult_11.rep3.pval0.01.300K.bfilt.narrowPeak.gzL2_0"
-5.26617376120109,"SN",586,"/data/rusers/sheddn/LDR/Corces_Montine_33106633/33106633_SN_Mixed_Adult_12.rep1.pval0.01.300K.bfilt.narrowPeak.gzL2_0"
0.470842976147909,"SN",587,"/data/rusers/sheddn/LDR/Corces_Montine_33106633/33106633_SN_Mixed_Adult_12.rep2.pval0.01.300K.bfilt.narrowPeak.gzL2_0"
2.72975666317532,"SN",588,"/data/rusers/sheddn/LDR/Corces_Montine_33106633/33106633_SN_Mixed_Adult_13.rep1.pval0.01.300K.bfilt.narrowPeak.gzL2_0"
0.0406557021582176,"SN",589,"/data/rusers/sheddn/LDR/Corces_Montine_33106633/33106633_SN_Mixed_Adult_13.rep2.pval0.01.300K.bfilt.narrowPeak.gzL2_0"
-1.94781047301738,"SN",590,"/data/rusers/sheddn/LDR/Corces_Montine_33106633/33106633_SN_Mixed_Adult_14.rep1.pval0.01.300K.bfilt.narrowPeak.gzL2_0"
0.948851382381318,"SN",591,"/data/rusers/sheddn/LDR/Corces_Montine_33106633/33106633_SN_Mixed_Adult_14.rep2.pval0.01.300K.bfilt.narrowPeak.gzL2_0"
-4.0249862634028,"SN",592,"/data/rusers/sheddn/LDR/Corces_Montine_33106633/33106633_SN_Mixed_Adult_1.rep1.pval0.01.300K.bfilt.narrowPeak.gzL2_0"
1.5816623196907,"SN",593,"/data/rusers/sheddn/LDR/Corces_Montine_33106633/33106633_SN_Mixed_Adult_1.rep2.pval0.01.300K.bfilt.narrowPeak.gzL2_0"
-0.0884747361385911,"SN",594,"/data/rusers/sheddn/LDR/Corces_Montine_33106633/33106633_SN_Mixed_Adult_2.rep1.pval0.01.300K.bfilt.narrowPeak.gzL2_0"
0.221124340079086,"SN",595,"/data/rusers/sheddn/LDR/Corces_Montine_33106633/33106633_SN_Mixed_Adult_2.rep2.pval0.01.300K.bfilt.narrowPeak.gzL2_0"
-0.843962041392387,"SN",596,"/data/rusers/sheddn/LDR/Corces_Montine_33106633/33106633_SN_Mixed_Adult_3.rep1.pval0.01.300K.bfilt.narrowPeak.gzL2_0"
3.00696596555118,"SN",597,"/data/rusers/sheddn/LDR/Corces_Montine_33106633/33106633_SN_Mixed_Adult_3.rep2.pval0.01.300K.bfilt.narrowPeak.gzL2_0"
5.21162367303955,"SN",598,"/data/rusers/sheddn/LDR/Corces_Montine_33106633/33106633_SN_Mixed_Adult_4.rep1.pval0.01.300K.bfilt.narrowPeak.gzL2_0"
0.848913464869769,"SN",599,"/data/rusers/sheddn/LDR/Corces_Montine_33106633/33106633_SN_Mixed_Adult_4.rep2.pval0.01.300K.bfilt.narrowPeak.gzL2_0"
3.35798064626977,"SN",600,"/data/rusers/sheddn/LDR/Corces_Montine_33106633/33106633_SN_Mixed_Adult_5.rep1.pval0.01.300K.bfilt.narrowPeak.gzL2_0"
0.498312208394347,"SN",601,"/data/rusers/sheddn/LDR/Corces_Montine_33106633/33106633_SN_Mixed_Adult_5.rep2.pval0.01.300K.bfilt.narrowPeak.gzL2_0"
0.604264598507818,"SN",602,"/data/rusers/sheddn/LDR/Corces_Montine_33106633/33106633_SN_Mixed_Adult_6.rep1.pval0.01.300K.bfilt.narrowPeak.gzL2_0"
-0.977353825376362,"SN",603,"/data/rusers/sheddn/LDR/Corces_Montine_33106633/33106633_SN_Mixed_Adult_6.rep2.pval0.01.300K.bfilt.narrowPeak.gzL2_0"
-1.62606477027631,"SN",604,"/data/rusers/sheddn/LDR/Corces_Montine_33106633/33106633_SN_Mixed_Adult_7.rep1.pval0.01.300K.bfilt.narrowPeak.gzL2_0"
4.82724656068561,"SN",605,"/data/rusers/sheddn/LDR/Corces_Montine_33106633/33106633_SN_Mixed_Adult_7.rep2.pval0.01.300K.bfilt.narrowPeak.gzL2_0"
1.80609200849408,"SN",606,"/data/rusers/sheddn/LDR/Corces_Montine_33106633/33106633_SN_Mixed_Adult_8.rep1.pval0.01.300K.bfilt.narrowPeak.gzL2_0"
2.1382504329146,"SN",607,"/data/rusers/sheddn/LDR/Corces_Montine_33106633/33106633_SN_Mixed_Adult_8.rep2.pval0.01.300K.bfilt.narrowPeak.gzL2_0"
-4.13317761085489,"SN",608,"/data/rusers/sheddn/LDR/Corces_Montine_33106633/33106633_SN_Mixed_Adult_9.rep1.pval0.01.300K.bfilt.narrowPeak.gzL2_0"
-1.09761952507542,"SN",609,"/data/rusers/sheddn/LDR/Corces_Montine_33106633/33106633_SN_Mixed_Adult_9.rep2.pval0.01.300K.bfilt.narrowPeak.gzL2_0"
5.03060781837478,"Somato",610,"/data/rusers/sheddn/LDR/NeuREs/NeuREs_Somato_Mixed_GW20_GW20-120718.r0.pval0.01.300K.bfilt.narrowPeak.gzL2_0"
1.50272880296661,"STG",611,"/data/rusers/sheddn/LDR/Corces_Montine_33106633/33106633_STG_Mixed_Adult_10.rep1.pval0.01.300K.bfilt.narrowPeak.gzL2_0"
5.2648770393269,"STG",612,"/data/rusers/sheddn/LDR/Corces_Montine_33106633/33106633_STG_Mixed_Adult_10.rep2.pval0.01.300K.bfilt.narrowPeak.gzL2_0"
-0.62511569602973,"STG",613,"/data/rusers/sheddn/LDR/Corces_Montine_33106633/33106633_STG_Mixed_Adult_11.rep1.pval0.01.300K.bfilt.narrowPeak.gzL2_0"
2.21603356601347,"STG",614,"/data/rusers/sheddn/LDR/Corces_Montine_33106633/33106633_STG_Mixed_Adult_11.rep2.pval0.01.300K.bfilt.narrowPeak.gzL2_0"
3.77073548722988,"STG",615,"/data/rusers/sheddn/LDR/Corces_Montine_33106633/33106633_STG_Mixed_Adult_12.rep1.pval0.01.300K.bfilt.narrowPeak.gzL2_0"
4.86885726578153,"STG",616,"/data/rusers/sheddn/LDR/Corces_Montine_33106633/33106633_STG_Mixed_Adult_12.rep2.pval0.01.300K.bfilt.narrowPeak.gzL2_0"
1.95339703215733,"STG",617,"/data/rusers/sheddn/LDR/Corces_Montine_33106633/33106633_STG_Mixed_Adult_13.rep1.pval0.01.300K.bfilt.narrowPeak.gzL2_0"
4.29370175486235,"STG",618,"/data/rusers/sheddn/LDR/Corces_Montine_33106633/33106633_STG_Mixed_Adult_13.rep2.pval0.01.300K.bfilt.narrowPeak.gzL2_0"
2.99888288733117,"STG",619,"/data/rusers/sheddn/LDR/Corces_Montine_33106633/33106633_STG_Mixed_Adult_14.rep1.pval0.01.300K.bfilt.narrowPeak.gzL2_0"
0.400178545987242,"STG",620,"/data/rusers/sheddn/LDR/Corces_Montine_33106633/33106633_STG_Mixed_Adult_15.rep1.pval0.01.300K.bfilt.narrowPeak.gzL2_0"
4.60812389330576,"STG",621,"/data/rusers/sheddn/LDR/Corces_Montine_33106633/33106633_STG_Mixed_Adult_15.rep2.pval0.01.300K.bfilt.narrowPeak.gzL2_0"
0.960780735109234,"STG",622,"/data/rusers/sheddn/LDR/Corces_Montine_33106633/33106633_STG_Mixed_Adult_16.rep1.pval0.01.300K.bfilt.narrowPeak.gzL2_0"
3.10135447865226,"STG",623,"/data/rusers/sheddn/LDR/Corces_Montine_33106633/33106633_STG_Mixed_Adult_16.rep2.pval0.01.300K.bfilt.narrowPeak.gzL2_0"
-0.818336625200304,"STG",624,"/data/rusers/sheddn/LDR/Corces_Montine_33106633/33106633_STG_Mixed_Adult_17.rep1.pval0.01.300K.bfilt.narrowPeak.gzL2_0"
1.11417423312098,"STG",625,"/data/rusers/sheddn/LDR/Corces_Montine_33106633/33106633_STG_Mixed_Adult_17.rep2.pval0.01.300K.bfilt.narrowPeak.gzL2_0"
5.25868889287056,"STG",626,"/data/rusers/sheddn/LDR/Corces_Montine_33106633/33106633_STG_Mixed_Adult_17.rep3.pval0.01.300K.bfilt.narrowPeak.gzL2_0"
3.45812226486676,"STG",627,"/data/rusers/sheddn/LDR/Corces_Montine_33106633/33106633_STG_Mixed_Adult_17.rep4.pval0.01.300K.bfilt.narrowPeak.gzL2_0"
1.3398758365395,"STG",628,"/data/rusers/sheddn/LDR/Corces_Montine_33106633/33106633_STG_Mixed_Adult_18.rep1.pval0.01.300K.bfilt.narrowPeak.gzL2_0"
0.737162326837997,"STG",629,"/data/rusers/sheddn/LDR/Corces_Montine_33106633/33106633_STG_Mixed_Adult_18.rep2.pval0.01.300K.bfilt.narrowPeak.gzL2_0"
4.93402170753296,"STG",630,"/data/rusers/sheddn/LDR/Corces_Montine_33106633/33106633_STG_Mixed_Adult_19.rep1.pval0.01.300K.bfilt.narrowPeak.gzL2_0"
7.11160484904025,"STG",631,"/data/rusers/sheddn/LDR/Corces_Montine_33106633/33106633_STG_Mixed_Adult_19.rep2.pval0.01.300K.bfilt.narrowPeak.gzL2_0"
5.02467680597357,"STG",632,"/data/rusers/sheddn/LDR/Corces_Montine_33106633/33106633_STG_Mixed_Adult_1.rep1.pval0.01.300K.bfilt.narrowPeak.gzL2_0"
2.53818421853149,"STG",633,"/data/rusers/sheddn/LDR/Corces_Montine_33106633/33106633_STG_Mixed_Adult_1.rep2.pval0.01.300K.bfilt.narrowPeak.gzL2_0"
0.935754162412937,"STG",634,"/data/rusers/sheddn/LDR/Corces_Montine_33106633/33106633_STG_Mixed_Adult_2.rep1.pval0.01.300K.bfilt.narrowPeak.gzL2_0"
4.40507447097169,"STG",635,"/data/rusers/sheddn/LDR/Corces_Montine_33106633/33106633_STG_Mixed_Adult_2.rep2.pval0.01.300K.bfilt.narrowPeak.gzL2_0"
2.12188475498731,"STG",636,"/data/rusers/sheddn/LDR/Corces_Montine_33106633/33106633_STG_Mixed_Adult_3.rep1.pval0.01.300K.bfilt.narrowPeak.gzL2_0"
1.63756400636358,"STG",637,"/data/rusers/sheddn/LDR/Corces_Montine_33106633/33106633_STG_Mixed_Adult_3.rep2.pval0.01.300K.bfilt.narrowPeak.gzL2_0"
4.66625357273546,"STG",638,"/data/rusers/sheddn/LDR/Corces_Montine_33106633/33106633_STG_Mixed_Adult_4.rep1.pval0.01.300K.bfilt.narrowPeak.gzL2_0"
3.12489247014456,"STG",639,"/data/rusers/sheddn/LDR/Corces_Montine_33106633/33106633_STG_Mixed_Adult_4.rep2.pval0.01.300K.bfilt.narrowPeak.gzL2_0"
4.22018814459344,"STG",640,"/data/rusers/sheddn/LDR/Corces_Montine_33106633/33106633_STG_Mixed_Adult_5.rep1.pval0.01.300K.bfilt.narrowPeak.gzL2_0"
-0.369347924436008,"STG",641,"/data/rusers/sheddn/LDR/Corces_Montine_33106633/33106633_STG_Mixed_Adult_5.rep2.pval0.01.300K.bfilt.narrowPeak.gzL2_0"
2.11357209071033,"STG",642,"/data/rusers/sheddn/LDR/Corces_Montine_33106633/33106633_STG_Mixed_Adult_6.rep1.pval0.01.300K.bfilt.narrowPeak.gzL2_0"
-0.916321598451692,"STG",643,"/data/rusers/sheddn/LDR/Corces_Montine_33106633/33106633_STG_Mixed_Adult_6.rep2.pval0.01.300K.bfilt.narrowPeak.gzL2_0"
3.48795329384894,"STG",644,"/data/rusers/sheddn/LDR/Corces_Montine_33106633/33106633_STG_Mixed_Adult_7.rep1.pval0.01.300K.bfilt.narrowPeak.gzL2_0"
5.3169183053055,"STG",645,"/data/rusers/sheddn/LDR/Corces_Montine_33106633/33106633_STG_Mixed_Adult_7.rep2.pval0.01.300K.bfilt.narrowPeak.gzL2_0"
5.75946728011324,"STG",646,"/data/rusers/sheddn/LDR/Corces_Montine_33106633/33106633_STG_Mixed_Adult_8.rep1.pval0.01.300K.bfilt.narrowPeak.gzL2_0"
5.12216992480523,"STG",647,"/data/rusers/sheddn/LDR/Corces_Montine_33106633/33106633_STG_Mixed_Adult_8.rep2.pval0.01.300K.bfilt.narrowPeak.gzL2_0"
4.96026205107134,"STG",648,"/data/rusers/sheddn/LDR/Corces_Montine_33106633/33106633_STG_Mixed_Adult_9.rep1.pval0.01.300K.bfilt.narrowPeak.gzL2_0"
2.15774225485813,"STG",649,"/data/rusers/sheddn/LDR/Corces_Montine_33106633/33106633_STG_Mixed_Adult_9.rep2.pval0.01.300K.bfilt.narrowPeak.gzL2_0"
6.40546102898116,"Temporal",650,"/data/rusers/sheddn/LDR/NeuREs/NeuREs_Temporal_Mixed_GW20_GW20-120718.r0.pval0.01.300K.bfilt.narrowPeak.gzL2_0"
4.67935598066037,"V1",651,"/data/rusers/sheddn/LDR/NeuREs/NeuREs_V1_Mixed_GW20_GW20-120718.r0.pval0.01.300K.bfilt.narrowPeak.gzL2_0"
3.89206160952297,"V1",652,"/data/rusers/sheddn/LDR/NeuREs/NeuREs_V1_Mixed_GW34_Twin34-071318.r0.pval0.01.300K.bfilt.narrowPeak.gzL2_0"
3.07944950664355,"VLPFC",653,"/data/rusers/sheddn/LDR/Fullard_Roussos_29945882/29945882_VLPFC_NeuN+_19y_351.r0.pval0.01.300K.bfilt.narrowPeak.gzL2_0"
-2.98369804856883,"VLPFC",654,"/data/rusers/sheddn/LDR/Fullard_Roussos_29945882/29945882_VLPFC_NeuN-_19y_351.r0.pval0.01.300K.bfilt.narrowPeak.gzL2_0"
0.624328475883403,"VLPFC",655,"/data/rusers/sheddn/LDR/Fullard_Roussos_29945882/29945882_VLPFC_NeuN+_20y_437.r0.pval0.01.300K.bfilt.narrowPeak.gzL2_0"
0.941344853374867,"VLPFC",656,"/data/rusers/sheddn/LDR/Fullard_Roussos_29945882/29945882_VLPFC_NeuN-_20y_437.r0.pval0.01.300K.bfilt.narrowPeak.gzL2_0"
8.36904165590755,"VLPFC",657,"/data/rusers/sheddn/LDR/Fullard_Roussos_29945882/29945882_VLPFC_NeuN+_22y_372.r0.pval0.01.300K.bfilt.narrowPeak.gzL2_0"
-0.254667626354182,"VLPFC",658,"/data/rusers/sheddn/LDR/Fullard_Roussos_29945882/29945882_VLPFC_NeuN-_22y_372.r0.pval0.01.300K.bfilt.narrowPeak.gzL2_0"
5.64527547939844,"VLPFC",659,"/data/rusers/sheddn/LDR/Fullard_Roussos_29945882/29945882_VLPFC_NeuN+_22y_446.r0.pval0.01.300K.bfilt.narrowPeak.gzL2_0"
-0.561826434006557,"VLPFC",660,"/data/rusers/sheddn/LDR/Fullard_Roussos_29945882/29945882_VLPFC_NeuN-_22y_446.r0.pval0.01.300K.bfilt.narrowPeak.gzL2_0"
3.43656725675835,"VLPFC",661,"/data/rusers/sheddn/LDR/Fullard_Roussos_29945882/29945882_VLPFC_NeuN+_28y_440.r0.pval0.01.300K.bfilt.narrowPeak.gzL2_0"
1.72506078227378,"VLPFC",662,"/data/rusers/sheddn/LDR/Fullard_Roussos_29945882/29945882_VLPFC_NeuN-_28y_440.r0.pval0.01.300K.bfilt.narrowPeak.gzL2_0"
